,DatasetID,Exp_Name,Condition,Level,Triplicate,Exp1ImputeRMSEAcc,Exp2ImputeModel,Exp2train_explained_var,Exp2train_r2,Exp2train_rmse,Exp2ori_explained_var,Exp2ori_r2,Exp2ori_rmse,Exp2impute_explained_var,Exp2impute_r2,Exp2impute_rmse,Exp2RegressorModel,Exp2duration,Exp2inference_duration,Exp3train_explained_var,Exp3train_r2,Exp3train_rmse,Exp3ori_explained_var,Exp3ori_r2,Exp3ori_rmse,Exp3impute_explained_var,Exp3impute_r2,Exp3impute_rmse,Exp3ImputeModel,Exp3ImputeRMSEAcc,Exp3RegressorModel,Exp3duration,Exp3inference_duration
0,189,reg_simple_,MAR_,0.01_,1/,0.28696287325987563,SimpleImputer,0.9615367155521858,0.9615165754139829,0.05192384175615263,0.9242586275791584,0.9242504098040258,0.07132344648470866,0.9164524563324438,0.9164524407177619,0.0749046985726744,MLPRegressor,9354.4661693573,0.015230894088745117,0.9648979442088584,0.9633204549331789,0.05069229245818987,0.9288496234745754,0.9277646489550152,0.06964935051651747,0.9210203540017731,0.92009768353714,0.07325240067239079,SimpleImputer,0.28336231556752506,MLPRegressor,7831.87567448616,0.028229951858520508
1,189,reg_simple_,MAR_,0.1_,1/,0.2846405666945858,SimpleImputer,0.862215806450763,0.8622150596172786,0.09824961061381629,0.9041286840860048,0.9037689017300937,0.0803896056599989,0.8266915772173168,0.8265074756351138,0.10794003640574475,MLPRegressor,6321.31960272789,0.007462024688720703,0.8793059040916136,0.8793036486469716,0.09195535647232905,0.9060556694455737,0.9058505894508033,0.0795153508931817,0.8269436929236488,0.8268330092342406,0.10783872193399767,SimpleImputer,0.27854135848942707,MLPRegressor,7413.60248541832,0.027170181274414062
2,189,reg_simple_,MAR_,0.3_,1/,0.2745124338443968,SimpleImputer,0.7352436502208786,0.7292838825133676,0.1377168301645327,0.859074719487261,0.8565563674329729,0.09814830741232138,0.6147891986232397,0.6130278901677197,0.1612062998499225,MLPRegressor,8929.298131227493,0.027512788772583008,0.6746805378028746,0.6729860901169031,0.15136068155597865,0.8592423104033494,0.8521335734306097,0.0996499226446745,0.6259287335603714,0.6193519935004517,0.15988361418166372,SimpleImputer,0.2938368838748942,MLPRegressor,8589.971301794052,0.029506683349609375
3,189,reg_simple_,MAR_,0.5_,1/,0.27909967172179795,SimpleImputer,0.4053880111791629,0.4041934830746784,0.20430668921506828,0.7117399673348657,0.7115603990896131,0.13917768874821676,0.4062749840380492,0.40620984538305327,0.19969108347011913,MLPRegressor,7573.772460699081,0.012708902359008789,0.4180983418004328,0.4180966972248781,0.2019088580865717,0.7391429958299539,0.7377725520664777,0.13270315591424336,0.41167085354727373,0.4110189259697249,0.19888079482010165,SimpleImputer,0.28968698304540447,MLPRegressor,7283.505591392517,0.025101900100708008
4,189,reg_simple_,MNAR_,0.01_,1/,0.29026069362401036,SimpleImputer,0.953732195203791,0.9527355276721274,0.05754364504240813,0.9265656098015357,0.9248268422702385,0.07105155284236093,0.9099167307740126,0.9084845649094966,0.07839517817853058,MLPRegressor,8108.854740381241,0.025338172912597656,0.9461417249296048,0.9461362512181076,0.06142967950312253,0.9289131843380425,0.9288309497971947,0.06913337547729254,0.912837754324977,0.9127970451848925,0.07652578223810104,SimpleImputer,0.2650543640485756,MLPRegressor,7278.606927871704,0.023934125900268555
5,189,reg_simple_,MNAR_,0.1_,1/,0.2762014619798761,SimpleImputer,0.7622835979363436,0.761961894161356,0.12913774675335593,0.8777920241806279,0.8777475964750457,0.09060890462872526,0.7062186050433128,0.7061711609280137,0.14047187738038114,MLPRegressor,7667.723524093628,0.018364906311035156,0.7459911418112104,0.7449796568787739,0.1336648989454988,0.8755520228833827,0.8729604204482797,0.092365907380192,0.7042865060051235,0.7004349282577609,0.14183642114228162,SimpleImputer,0.2891710456432881,MLPRegressor,10831.471890211105,0.013310909271240234
6,189,reg_simple_,MNAR_,0.3_,1/,0.27125990328128674,SimpleImputer,0.5142986212001099,0.5139343119718411,0.18453444538387026,0.78364515896584,0.7786984894075548,0.12190860630755135,0.4280343451814358,0.4275606760393039,0.1960680850446799,MLPRegressor,8922.808299303055,0.009772777557373047,0.5172450383073259,0.5172434182876884,0.18390522285916225,0.7977424781092923,0.7968720600278785,0.11679574176053333,0.4347970778016864,0.4347214223402308,0.19483790034466292,SimpleImputer,0.2862937840565454,MLPRegressor,4787.489459037781,0.026782989501953125
7,189,reg_simple_,MNAR_,0.5_,1/,0.27029487350501624,SimpleImputer,0.27240329923265594,0.24179688539135913,0.23047442681968014,0.6193525906636833,0.613229869277884,0.16116422374938394,0.24256823180967846,0.20929032710904372,0.23043619895942208,MLPRegressor,5956.539540529251,0.006802797317504883,0.3047268240296038,0.3040870435595098,0.22080424708561266,0.595627350881137,0.5914944506979114,0.16563082207126936,0.22607854384295234,0.22546588243720433,0.22806700191683746,SimpleImputer,0.28934764455697454,MLPRegressor,2546.1769666671753,0.010213375091552734
8,189,reg_simple_,MCAR_,0.01_,1/,0.28633490919452065,SimpleImputer,0.9399553071812329,0.939874114725241,0.06490239204028615,0.9298841810313494,0.9295579316522573,0.06877937527946458,0.9082119923279893,0.907966850609946,0.07861661113163337,MLPRegressor,6828.919235706329,0.014738321304321289,0.9538479976810111,0.9537415254655383,0.056927959178947544,0.9239002445784128,0.9229503485190278,0.07193289122780883,0.9013888478227602,0.900624681190785,0.0816923603897141,SimpleImputer,0.27284907931779906,MLPRegressor,6127.273964643478,0.027709007263183594
9,189,reg_simple_,MCAR_,0.1_,1/,0.28092488983703756,SimpleImputer,0.7535372165852912,0.7535344081669131,0.13140385620250852,0.8782830546402944,0.8777834041563877,0.09059563400048916,0.7021881777592878,0.7021831937377458,0.1414219359643625,MLPRegressor,9482.89268565178,0.026264190673828125,0.8089078870401949,0.8088231998687134,0.11573042703268903,0.8928316577869985,0.8928011533468299,0.08484714501937013,0.6978784208101035,0.6977681186225396,0.14246635546003428,SimpleImputer,0.29315323034010543,MLPRegressor,5039.730956792831,0.043198585510253906
10,189,reg_simple_,MCAR_,0.3_,1/,0.2681280204409166,SimpleImputer,0.4801078896200095,0.47926951607952495,0.191001361353808,0.7852438664377064,0.7848481659811742,0.12020283297492682,0.40596952989736024,0.40591026221610105,0.19974145188976963,MLPRegressor,8887.368489742279,0.014316082000732422,0.4555492639650872,0.4547305034382112,0.19544994972600604,0.7955579106420787,0.7846765219505203,0.1202507711798433,0.3985874940167454,0.3933393664838635,0.2018436468422991,SimpleImputer,0.290915448445258,MLPRegressor,6641.24619102478,0.010741949081420898
11,189,reg_simple_,MCAR_,0.5_,1/,0.27858637700620104,SimpleImputer,0.31373875618802216,0.3135805864638155,0.2192929856411807,0.664974268974796,0.6616072478282458,0.1507483972396071,0.2495820935852021,0.24867894025056247,0.22462338018611652,MLPRegressor,7535.61182308197,0.009031057357788086,0.30385639794752817,0.30055559819203626,0.22136377927984097,0.6555997861480339,0.6555424305316544,0.15209328618802057,0.25568194815988665,0.2539142779615543,0.2238394044048762,SimpleImputer,0.2898532289050326,MLPRegressor,4160.33282995224,0.01548004150390625
12,189,reg_full_,MAR_,0.01_,1/,0.28669770396473904,KNNImputer,0.9590526274878428,0.9588982591519214,0.05366116163077125,0.9255693576288437,0.9255626961862136,0.07070294342371373,0.9151513113086133,0.9151389894280599,0.07549119093237633,MLPRegressor,6055.838246822357,0.021112680435180664,0.9557249701016919,0.955692237076166,0.055714709850643133,0.9326667823368603,0.9325785895051343,0.0672885382723022,0.9218971102541162,0.9218322196207085,0.072452949036475,SimpleImputer,0.3079325165512475,MLPRegressor,10653.776366472244,0.02030038833618164
13,189,reg_full_,MAR_,0.1_,1/,0.2805723621684681,KNNImputer,0.8419995110440739,0.8361206550331948,0.10714997429945113,0.9016330348179329,0.8940608190719109,0.0843471635404122,0.801415763850126,0.794220841934782,0.11755547756071771,MLPRegressor,8111.806148052216,0.017749786376953125,0.8528347431898309,0.8528293218624015,0.1015408061528874,0.8990378278375576,0.8989115745969966,0.08239348887478018,0.7997192574069165,0.7996463200731506,0.11599541924484637,IterativeImputer,0.293373122856786,MLPRegressor,11194.24602651596,0.02892923355102539
14,189,reg_full_,MAR_,0.3_,1/,0.26681858036619976,VAE,0.012619884996060482,0.012601692006843357,0.2630123555510219,0.003784270956448066,0.0018202310225760021,0.2589086491549695,0.002669911722961271,0.002582581984769017,0.2588097606756582,AdaBoostRegressor,1787.00888133049,0.025362253189086914,0.6033570697206282,0.6027733370193098,0.16682039971125898,0.8474264165891299,0.8459900570453908,0.10169897062690882,0.6644134073710741,0.6637377741963966,0.1502730907219228,IterativeImputer,0.29110101313030523,MLPRegressor,9119.333119869232,0.05369377136230469
15,189,reg_full_,MAR_,0.5_,1/,0.21860135899794875,VAE,0.018672750319578157,0.018668023293013092,0.2622031693059497,0.004476214269718892,0.0035437674910246963,0.2586850264635057,-0.003941747307491639,-0.0048869407892977446,0.25977704855112427,AdaBoostRegressor,1482.645265340805,0.023960590362548828,0.4269538078172854,0.4268052266009098,0.20039231958596507,0.7645882963684754,0.7642646128037904,0.12582141577856373,0.5740298997511726,0.572037119758031,0.1695294792475205,SimpleImputer,0.28748836502557273,MLPRegressor,8638.018401145935,0.008907079696655273
16,189,reg_full_,MNAR_,0.01_,1/,0.28986845320120896,KNNImputer,0.9306670074855301,0.9303244565246958,0.06986668603420758,0.9198094070817115,0.9196944932108336,0.07343698540079213,0.8949228858507445,0.8948125478117402,0.08404737328586034,MLPRegressor,8621.21468257904,0.013518810272216797,0.9393987172620465,0.9393173976721275,0.06520217153098742,0.9258744665861599,0.9255615430643055,0.0707034910577165,0.9007530811022618,0.9004329716167653,0.08177112069903139,IterativeImputer,0.2822616506187478,MLPRegressor,2060.5679800510406,0.028154611587524414
17,189,reg_full_,MNAR_,0.1_,1/,0.2782929288651519,VAE,0.007403878526503371,0.007403850555419922,0.26370371522585473,0.013155592027684015,0.012972208050593514,0.2574582825272806,0.0021400169833843963,0.001866161823272705,0.25890269110974706,ARDRegression,1370.5538187026978,0.002755880355834961,0.7269908926926645,0.7266998042503481,0.13837254632907145,0.8775360395065425,0.875657946419645,0.09138000868076272,0.7209322281145947,0.7206755613310225,0.13696091364662452,IterativeImputer,0.2898398221024694,MLPRegressor,10003.981341123581,0.025502681732177734
18,189,reg_full_,MNAR_,0.3_,1/,0.23976618492988294,VAE,0.05010885154588118,0.05010885154588118,0.2579686208650618,-0.006554193814264808,-0.006602164744835992,0.2599986584777733,0.0034647739804110067,0.0033272724974691137,0.25871312652937595,HistGradientBoostingRegressor,1124.3690643310547,0.008204460144042969,0.49783624830114803,0.4965082767243101,0.18781320736620197,0.7758098277851044,0.7696231411130303,0.12438316496889791,0.41797093834350596,0.4128172196873424,0.19857694847341417,SimpleImputer,0.2898789933808213,MLPRegressor,10329.375928401947,0.018726348876953125
19,189,reg_full_,MNAR_,0.5_,1/,0.2040651974902905,VAE,0.023977204322856216,0.023081269967818563,0.2616129148204383,0.021111366610961357,0.01806516075433906,0.25679319554316915,0.0014673207452141623,0.0011104520921551009,0.2590006843039896,AdaBoostRegressor,2695.3139324188232,0.053613901138305664,0.3455618356071066,0.34518369904625423,0.21418532054162767,0.6809893609113846,0.679521146310099,0.1467039699369636,0.21674619186459265,0.2165787177004168,0.22937171394426106,SimpleImputer,0.29022237177824606,MLPRegressor,4943.24457859993,0.020927906036376953
20,189,reg_full_,MCAR_,0.01_,1/,0.2842946294783462,KNNImputer,0.9384001734436362,0.9383221870925779,0.06573466350721607,0.9287415543636911,0.9287381217538259,0.06917844720917686,0.9077433736460478,0.9077425724475484,0.07871234435543353,MLPRegressor,7845.970041275024,0.014889001846313477,0.9461043351604074,0.9458400796626395,0.06159833451665519,0.9285759845792806,0.9278060236744861,0.06962940090001209,0.9049064398061395,0.9042409552078324,0.0801921910715075,KNNImputer,0.30046775348012333,MLPRegressor,10245.574268102646,0.10038065910339355
21,189,reg_full_,MCAR_,0.1_,1/,0.2768769674778699,VAE,0.009916383143192209,0.009916365146636963,0.26336975431638143,0.016403093074957464,0.0162358226273025,0.25703228625341146,0.003403743415841931,0.0031398534774780273,0.25873745617463806,ARDRegression,1203.3761043548584,0.002445220947265625,0.7706474638821987,0.7706441891730778,0.1267607602853051,0.8851164281115014,0.8850636644601739,0.0878558834900613,0.722221327504778,0.7221703488068738,0.13659395311267708,SimpleImputer,0.28759126004523505,MLPRegressor,10495.910816669464,0.029178142547607422
22,189,reg_full_,MCAR_,0.3_,1/,0.24010811231615387,VAE,0.007639586674220267,0.007639586925506592,0.2636724029914978,0.014491150517116913,0.014298078556862603,0.2572853030737653,-0.00048056480037450555,-0.0005685091018676758,0.25921824904006646,ARDRegression,546.4723918437958,0.00244140625,0.5019727061157319,0.5018250000644573,0.18681894973698637,0.7962249282000821,0.7910217992403002,0.11846571227617679,0.38538894995746265,0.383091585985178,0.2035412905997502,SimpleImputer,0.28841647444429747,MLPRegressor,8787.047958135605,0.0181577205657959
23,189,reg_full_,MCAR_,0.5_,1/,0.2016880712268553,VAE,0.007396202519923345,0.007396221160888672,0.2623169106551587,0.019209931203120867,0.018861966302932354,0.26223482036006207,-0.0024210389565848534,-0.002660036087036133,0.26509537543855977,ARDRegression,1635.2833938598633,0.0057070255279541016,0.2766464455523989,0.27468242423117584,0.2242344952845173,0.7052284162377104,0.6890447269958888,0.14762987951837228,0.2618438875872088,0.257672161651482,0.22809889228268587,SimpleImputer,0.28735293043471655,MLPRegressor,7842.878807783127,0.022336483001708984
24,189,reg_simple_,MAR_,0.01_,2/,0.28773822339258875,SimpleImputer,0.9428816282111623,0.9402228603146597,0.06471389302888993,0.9244408182470508,0.9204127990813213,0.07310781304005701,0.9166931052120775,0.912588608681673,0.07661718536945482,MLPRegressor,7610.937742233276,0.018625259399414062,0.9461046449787802,0.9461036404970704,0.061448272370027035,0.930724990035931,0.9305590185545118,0.0682888976627489,0.9221599805057994,0.9219661980643844,0.07239083075484752,SimpleImputer,0.2670238005670306,MLPRegressor,6913.014851331711,0.027037382125854492
25,189,reg_simple_,MAR_,0.1_,2/,0.27880488661964753,SimpleImputer,0.8611234153180303,0.8606617245415745,0.09880187287072943,0.9090817835295852,0.9088687033010587,0.07823047226951989,0.8030373346413934,0.803019416061794,0.11501484206283494,MLPRegressor,8851.217157125473,0.01966404914855957,0.8629546351367303,0.8621987449532471,0.09825542714912823,0.9068727962909794,0.9057353980723074,0.07956397935985857,0.7977781057431877,0.7955301158863332,0.1171809062835018,SimpleImputer,0.296107982509772,MLPRegressor,11824.736292362213,0.027645111083984375
26,189,reg_simple_,MAR_,0.3_,2/,0.27724113876405676,SimpleImputer,0.7351732554853443,0.7351502945663847,0.13621649732816354,0.8677936502550474,0.8673029220449808,0.09440018750559974,0.7079350593191259,0.7075383277993932,0.14014469299589175,MLPRegressor,7401.6371693611145,0.008234262466430664,0.7618420543397373,0.760370702354322,0.1295686455658796,0.8776980642061594,0.8699640273957754,0.09344884377022522,0.7067785885075692,0.6978723854309563,0.14244177864585708,SimpleImputer,0.28596793907206663,MLPRegressor,8242.954902887344,0.025473833084106445
27,189,reg_simple_,MAR_,0.5_,2/,0.2810295468359935,SimpleImputer,0.5910722570363406,0.5909637149739815,0.16928203811801215,0.8482742278058653,0.8481969846790661,0.10096767974704521,0.5036180808101078,0.5024588367493767,0.18279179000110168,MLPRegressor,8577.636216640472,0.019704341888427734,0.6139197923172707,0.6130325857608601,0.16465205644143827,0.8476669392774397,0.8471381860615409,0.10131918355934492,0.5055169027498408,0.5023815658156789,0.18280598374522605,SimpleImputer,0.28815080394081527,MLPRegressor,10271.777615785599,0.030035018920898438
28,189,reg_simple_,MNAR_,0.01_,2/,0.2872302073087435,SimpleImputer,0.9283821191404065,0.9263383854705596,0.07183739548614519,0.9240049655924552,0.9222850010382521,0.07224280495555414,0.9012244319785411,0.8993558101911453,0.08221224942441703,MLPRegressor,9119.273093700409,0.01563119888305664,0.9414862648161039,0.9414803703941165,0.06402959367322685,0.9265057764764713,0.9263405100494717,0.07033257706815563,0.9017703924944904,0.9016654561462705,0.08126344527621997,SimpleImputer,0.2847257101265556,MLPRegressor,7299.356471538544,0.02549266815185547
29,189,reg_simple_,MNAR_,0.1_,2/,0.27581832189560834,SimpleImputer,0.7794703928717145,0.7794703574723906,0.1242978018072719,0.88305619920385,0.8827462173322663,0.08873717696702763,0.7016425526096273,0.7014145716007851,0.14160431315722152,MLPRegressor,7780.479944705963,0.016082763671875,0.7832777880028492,0.7831540770726824,0.12325529686857536,0.8890060067848221,0.888845409217951,0.08639843566575571,0.7040443653936816,0.7040398641991314,0.14098041546345974,SimpleImputer,0.2949761910312844,MLPRegressor,8837.09017276764,0.027714967727661133
30,189,reg_simple_,MNAR_,0.3_,2/,0.27701659101627574,SimpleImputer,0.47544099925668126,0.47451437643767524,0.19187146033322922,0.7744333090859086,0.7732335608253688,0.12340466215565489,0.37498851856789106,0.37461155682146663,0.20493545619587114,MLPRegressor,8054.806974887848,0.018352508544921875,0.4640048111267987,0.4637168728414556,0.19383269231072942,0.7525884000258585,0.7492215926105701,0.1297738673546241,0.3782568150607707,0.3781986350724429,0.20434688066564077,SimpleImputer,0.2903371400331032,MLPRegressor,9374.286505937576,0.03665876388549805
31,189,reg_simple_,MNAR_,0.5_,2/,0.26780985530990886,SimpleImputer,0.27604067411421873,0.2756442618935425,0.22527132522390458,0.6000141012919609,0.582623447191609,0.16741956185574097,0.21118559289599081,0.2086461824317548,0.23053004126225796,MLPRegressor,6183.474816799164,0.016437292098999023,0.24389023932951182,0.24214260902312512,0.23042187524113147,0.5509116512493353,0.5039984481975351,0.1825087517254557,0.20257449002312,0.19816959028278613,0.23205099696291565,SimpleImputer,0.28769681225422256,MLPRegressor,1328.7782309055328,0.03260016441345215
32,189,reg_simple_,MCAR_,0.01_,2/,0.28458559644948395,SimpleImputer,0.9307098522185674,0.9297135452870989,0.07017231115270972,0.9211877789152838,0.9202626571422114,0.07317673980671148,0.9063111690510537,0.9053880485171897,0.07971043465732236,MLPRegressor,7180.806869506836,0.00874185562133789,0.9485889786568309,0.948498867252233,0.06006733335042454,0.926350182569005,0.9261457886664707,0.07042547899877938,0.910675219074911,0.9104673301014078,0.07754127626852651,SimpleImputer,0.27216379474134633,MLPRegressor,11953.536549568176,0.030270099639892578
33,189,reg_simple_,MCAR_,0.1_,2/,0.273684268940407,SimpleImputer,0.7684641057395663,0.7667217655963632,0.12784009106497352,0.8952020276099719,0.8900376906241163,0.08593381709972016,0.7252537860589523,0.7226946641928709,0.1364650033550133,MLPRegressor,8549.595554828644,0.009293079376220703,0.7257069160245324,0.7256880965106457,0.13862842477468482,0.8851397442621243,0.8840212428986773,0.08825339115895509,0.7202999784049957,0.7201373199941954,0.13709280784684733,SimpleImputer,0.289057230751392,MLPRegressor,8055.345618724823,0.010550498962402344
34,189,reg_simple_,MCAR_,0.3_,2/,0.27697358710761716,SimpleImputer,0.47408557566654386,0.47407745465097795,0.191951210757197,0.7807407598859804,0.7785392375741191,0.12195246203539878,0.41969734706984163,0.41962225712287926,0.19742291118703337,MLPRegressor,9832.23649930954,0.013527870178222656,0.46188508698278796,0.4612165399757546,0.1942840235604723,0.7641068908352739,0.7626204020140641,0.1262594438835641,0.4266081440671907,0.42627434632978867,0.19628825394895458,SimpleImputer,0.2902836569180402,MLPRegressor,6994.630637168884,0.015952110290527344
35,189,reg_simple_,MCAR_,0.5_,2/,0.28085873177871445,SimpleImputer,0.28391686562493157,0.2817177464793781,0.22432492425347816,0.6090620223271326,0.5989502346246103,0.16411236739534962,0.24486312197357818,0.24120675173120132,0.22573760138660362,MLPRegressor,3980.5797123908997,0.005662202835083008,0.29806018944077406,0.2975564645032698,0.22183786228593386,0.6313164322402209,0.6311310714807102,0.1573903909776442,0.24674044571423692,0.2466494457463113,0.22492655581958093,SimpleImputer,0.28959050392850405,MLPRegressor,5916.965634346008,0.010190963745117188
36,189,reg_full_,MAR_,0.01_,2/,0.2900239681737187,KNNImputer,0.9525434821906268,0.9522160925033702,0.05785898251057278,0.927937511577418,0.9271503615088403,0.06994487165492841,0.9121768726848754,0.9115277806007791,0.07708069789553955,MLPRegressor,9210.279623746872,0.019823551177978516,0.9548311507404775,0.9548041230936307,0.05627031807798518,0.9291579160693897,0.9289777641594338,0.06906203117601992,0.9133249376618846,0.9132203556892071,0.07633981619994712,KNNImputer,0.32515506971679264,MLPRegressor,12242.330765008926,0.0662686824798584
37,189,reg_full_,MAR_,0.1_,2/,0.27306402996391804,IterativeImputer,0.8712503612526581,0.8711442017025957,0.09501276228977022,0.9103852450820684,0.9103593727460436,0.0775880113273063,0.8315273199256136,0.8315147288284142,0.10637097689122808,MLPRegressor,9804.642768144608,0.01494288444519043,0.8667024104796859,0.8666657331314642,0.09664977563245797,0.9047593974261208,0.9047401264907793,0.07998290566212608,0.823815724125776,0.8235763745936169,0.10884802372810864,KNNImputer,0.28784775408672225,MLPRegressor,10387.533145666122,0.41357898712158203
38,189,reg_full_,MAR_,0.3_,2/,0.27139325611673726,VAE,0.004295218726233618,0.0040187835693359375,0.2641529800839837,0.0,-3.0040740966796875e-05,0.2591484887813166,-0.003194615788773003,-0.0042220354080200195,0.2596910975212262,XGBRegressor,1572.2738695144653,0.004895210266113281,0.6236189785849523,0.6231099998941985,0.162493977285705,0.8473313566571867,0.8470814464896199,0.10133798574934198,0.5815421900879638,0.5803717150615529,0.1678705657718716,IterativeImputer,0.29148700701174624,MLPRegressor,8435.66985630989,0.027454137802124023
39,189,reg_full_,MAR_,0.5_,2/,0.2452795353648502,VAE,0.06822426650303448,0.06822426650303437,0.25549691429830446,0.04889574211863834,0.03116515385076546,0.2550745049691551,0.008663847000017877,-0.001073846602620776,0.2592837115509118,LGBMRegressor,2377.080384016037,0.006129741668701172,0.668391268898523,0.6683902516179387,0.15242057865259978,0.5412369219068256,0.5411757231326035,0.1755356660651408,0.43856733794549074,0.43830019471874015,0.1942201627814611,KNNImputer,0.28875653649300653,ExtraTreesRegressor,464.52414989471436,1.4762763977050781
40,189,reg_full_,MNAR_,0.01_,2/,0.2797842401508743,KNNImputer,0.9525879551809499,0.9523175987168602,0.057797495612064,0.9236684915138346,0.9233167059344244,0.07176167339335038,0.8949119459112448,0.894522829138432,0.08416303988445162,MLPRegressor,10862.40238070488,0.02160787582397461,0.9483735650296542,0.9478844084209515,0.06042460185646003,0.9283519834014684,0.9278345755272341,0.06961563074144873,0.9014007725776099,0.900814196848341,0.08161442670389939,IterativeImputer,0.2766245798717826,MLPRegressor,10486.973246335983,0.028998374938964844
41,189,reg_full_,MNAR_,0.1_,2/,0.27342541918697955,KNNImputer,0.7341854327867543,0.7340418275090206,0.13650125098584925,0.8790888762805726,0.8773739465380326,0.09074726665994563,0.6946870850636564,0.6932471318492759,0.1435279537229415,MLPRegressor,8324.276764154434,0.01135110855102539,0.7375732155511674,0.7375258856255702,0.13560421876712736,0.8830486141213953,0.8815565770758933,0.08918619832336222,0.6945354231334788,0.6931811527615261,0.1435433885163485,SimpleImputer,0.2891054193131453,MLPRegressor,7299.253221988678,0.007783412933349609
42,189,reg_full_,MNAR_,0.3_,2/,0.24260826038774108,VAE,0.05748416443263027,0.05748416443263027,0.25696518650902717,-0.007378953132274546,-0.007761284657266554,0.2601483118982722,-0.011601080582166023,-0.01181670392716172,0.2606712289986315,LGBMRegressor,1712.073502779007,0.011437177658081055,0.5112535588762772,0.5112535588762772,0.18504261854961288,0.529170963153939,0.5288274591781169,0.177882065382885,0.3644048411638874,0.3642812941771789,0.20662110148686896,KNNImputer,0.29321104600372905,HistGradientBoostingRegressor,427.7193868160248,1.4954514503479004
43,189,reg_full_,MNAR_,0.5_,2/,0.19972589509597258,VAE,0.026324519136220692,0.026324519136220692,0.26117829256251757,0.033809095861637384,0.030801650101,0.25512235205264555,0.002621513785703744,0.002391035126892427,0.2588346107613326,LGBMRegressor,2292.7021539211273,0.008867502212524414,0.27197025332943514,0.25968161852307947,0.2277399536127568,0.623253891827223,0.5844750276628683,0.1670477928238495,0.2396698055641444,0.22186978082668984,0.22859583745958628,SimpleImputer,0.28908333945282294,MLPRegressor,8046.087761640549,0.03191661834716797
44,189,reg_full_,MCAR_,0.01_,2/,0.2870914810651449,KNNImputer,0.9553539125141253,0.9552471885646654,0.055993823404407166,0.9230195555609625,0.9229826044105198,0.07191783274034366,0.9068821868701042,0.9068408449253583,0.07909607766762859,MLPRegressor,9455.795460700989,0.018105030059814453,0.9581544334123181,0.9581283248406952,0.0541614309014716,0.9250564922246527,0.9250363908299981,0.07095245403323147,0.9090009588278802,0.9089911972806912,0.07817787791086711,IterativeImputer,0.2793105145560033,MLPRegressor,13461.745857954025,0.047133445739746094
45,189,reg_full_,MCAR_,0.1_,2/,0.27794122311103375,IterativeImputer,0.7587312852641279,0.758412357648175,0.13009701118171452,0.8739548189961275,0.8739539433394777,0.09200402107792567,0.7038118159522585,0.7025257876427857,0.1413405701145951,MLPRegressor,7440.901212453842,0.014373302459716797,0.7517446562979255,0.7512454862022611,0.13201261882026555,0.8768184766726311,0.8767361343307022,0.09098296146459099,0.705872225795562,0.7042283027719334,0.14093552702224896,IterativeImputer,0.3008360279948154,MLPRegressor,7463.860465526581,0.022800922393798828
46,189,reg_full_,MCAR_,0.3_,2/,0.24126288757505465,VAE,0.008584007323613863,0.00858396291732788,0.26354690577602463,0.01756838374582126,0.017311983328962444,0.25689166122347135,0.004703674647564604,0.004471302032470703,0.25856459645007634,ARDRegression,1679.40464925766,0.002703428268432617,0.5744048757220362,0.5744048757220347,0.17267453035781577,0.6099910800787403,0.60911218866074,0.16201985581843115,0.3586326867543955,0.35863197157662996,0.20753714144931526,IterativeImputer,0.2886952955619131,HistGradientBoostingRegressor,6398.690700292587,0.02573394775390625
47,189,reg_full_,MCAR_,0.5_,2/,0.20168626912282966,VAE,0.0027864544573462657,0.0027864575386047363,0.26431636072917725,0.010320294146893283,0.010082632003835301,0.25783486847706477,0.002093320284528577,0.0018857717514038086,0.2589001466148271,ARDRegression,2271.147834777832,0.002872943878173828,0.28696000474359884,0.282867591280329,0.224145299768734,0.6089515265016892,0.5898598892030559,0.16596186222719492,0.25339305904504583,0.24829602013624252,0.2246806139430579,SimpleImputer,0.2883205595344144,MLPRegressor,9422.850645780563,0.010123729705810547
48,189,reg_simple_,MAR_,0.01_,3/,0.2829346042206698,SimpleImputer,0.9434034387624222,0.9433126794618036,0.06301920588649579,0.9277938934298059,0.9275856793380315,0.06973557842356405,0.9213367783260711,0.9210875249476348,0.07279725603250703,MLPRegressor,9183.162444114685,0.014269351959228516,0.9430582490351215,0.9394403856174008,0.06513606404655296,0.9295039143466549,0.9252091405792457,0.07087065375478614,0.9234698781300796,0.9189233695471946,0.0737887277971483,SimpleImputer,0.28514215663383513,MLPRegressor,7335.112317562103,0.01315927505493164
49,189,reg_simple_,MAR_,0.1_,3/,0.28566431802583697,SimpleImputer,0.8563220729848863,0.8552854101171422,0.10068994893398837,0.908491614152349,0.9062053829486362,0.07936538629089009,0.7913174059069185,0.7904880196419674,0.11861691046949287,MLPRegressor,3645.7547805309296,0.017218828201293945,0.8583511884939682,0.8560727439976784,0.10041566860520328,0.9074985654593836,0.9023406019158985,0.08098399531714229,0.7923592899397004,0.789534754485832,0.11888645362459417,SimpleImputer,0.2809504743577172,MLPRegressor,8787.106073617935,0.023897647857666016
50,189,reg_simple_,MAR_,0.3_,3/,0.2821244187699666,SimpleImputer,0.7016487560936088,0.7014446849405586,0.14462466470217916,0.867373149343384,0.8655782763066697,0.09501166026317877,0.6137597590080424,0.6134929846905715,0.16110939530969287,MLPRegressor,5601.234174966812,0.013859033584594727,0.6613582454521019,0.661340764956996,0.15403216619091412,0.846250356102965,0.8458322465604141,0.10175106159704422,0.6112609781794272,0.6112226011682312,0.16158188936019577,SimpleImputer,0.29004694025522815,MLPRegressor,8527.301675081253,0.014404058456420898
51,189,reg_simple_,MAR_,0.5_,3/,0.2720137379497108,SimpleImputer,0.6501366275285076,0.650136603246037,0.1565594243002362,0.8422345357981061,0.8420338153777084,0.10299692086079364,0.3098517759519036,0.305290772877961,0.21599500636687188,MLPRegressor,8317.52377653122,0.008686542510986328,0.6715760897409664,0.6705187452890833,0.1519306224429734,0.8571091226271745,0.8559634677088166,0.09835093786556987,0.31201379023406994,0.30127506511648416,0.21661837723601557,SimpleImputer,0.2913132816332565,MLPRegressor,8360.42628622055,0.021806716918945312
52,189,reg_simple_,MNAR_,0.01_,3/,0.2874574997607448,SimpleImputer,0.9354208543958107,0.935171064036359,0.06739294085953458,0.9246906350633479,0.9239740982189713,0.07145341125057564,0.8906285588581389,0.890182948878707,0.08587703982121446,MLPRegressor,5648.567809343338,0.01571059226989746,0.9391211218479891,0.9389985455028235,0.06537324705240787,0.9253289060146282,0.9253012561666123,0.07082699666007411,0.8907694672915047,0.890661813838269,0.08568959883061182,SimpleImputer,0.2919040363068219,MLPRegressor,8617.439823627472,0.023623943328857422
53,189,reg_simple_,MNAR_,0.1_,3/,0.27555045413491347,SimpleImputer,0.7359080029355018,0.7315581172731376,0.1371371436520944,0.8854782183193418,0.8839713914187454,0.0882723562246306,0.6861500363565782,0.6821486851849943,0.1461013346414084,MLPRegressor,7175.345025777817,0.018405914306640625,0.7737100816738117,0.7737023216341246,0.12591283741047696,0.8951875222891054,0.8946086173839842,0.08412880656087968,0.6939407932752177,0.6937945314291563,0.14339983393703812,SimpleImputer,0.2903111784100984,MLPRegressor,8220.710565328598,0.018738746643066406
54,189,reg_simple_,MNAR_,0.3_,3/,0.26714255024766176,SimpleImputer,0.4847527498021782,0.48452091030434474,0.19003582822425538,0.7563326566916138,0.7559388423300061,0.12802403489290493,0.4632863539249207,0.46303179777449766,0.18989628189865018,MLPRegressor,9491.683133363724,0.01158595085144043,0.4770826301607968,0.4770653452116079,0.19140517396260323,0.7953047754953626,0.7936613350455122,0.11771518385004412,0.46326826003904975,0.463173227072342,0.18987127234840226,SimpleImputer,0.28630799048045713,MLPRegressor,7382.631131649017,0.010293245315551758
55,189,reg_simple_,MNAR_,0.5_,3/,0.2599557400611666,SimpleImputer,0.32606297893818625,0.3209282419032453,0.2181161362972177,0.6525714784234536,0.6376454828299732,0.15599440321096367,0.2610554080549139,0.25214559221821675,0.22410456643407733,MLPRegressor,4869.847216129303,0.022597312927246094,0.2939254647153746,0.28834230606587996,0.223288078292639,0.6002698077581641,0.5864161474032866,0.16665715523183036,0.25535920249512734,0.24720462912473018,0.22484366047972268,SimpleImputer,0.2877831644307676,MLPRegressor,4956.211111068726,0.018244266510009766
56,189,reg_simple_,MCAR_,0.01_,3/,0.2871770551638282,SimpleImputer,0.9342430075375108,0.9342365926172652,0.06787691806649511,0.9227618090550359,0.922622386786899,0.07208581979024753,0.9033314171243494,0.9033015828457355,0.08058456385362738,MLPRegressor,7458.39469909668,0.01721334457397461,0.9298489326048349,0.9277841400262011,0.07112892665633037,0.9204253220118377,0.9186731543184488,0.07390250189124468,0.9013426522851967,0.8990981602956204,0.08231741415540578,SimpleImputer,0.27353561540066407,MLPRegressor,9331.387296676636,0.018536090850830078
57,189,reg_simple_,MCAR_,0.1_,3/,0.2787968533928318,SimpleImputer,0.8090529745176529,0.8082324702899607,0.11590909059474212,0.8939526621041849,0.8915276365956626,0.08534964684796492,0.7188868369114096,0.7176432693138928,0.1377023175223436,MLPRegressor,7342.785272598267,0.01967644691467285,0.777364721230137,0.7678733472030623,0.12752415838905784,0.889825577387111,0.8780681040891098,0.0904900525571322,0.7231361475797762,0.7133241633842662,0.13875151104572706,SimpleImputer,0.28833851790521176,MLPRegressor,7287.7723224163055,0.01959705352783203
58,189,reg_simple_,MCAR_,0.3_,3/,0.27315183735554804,SimpleImputer,0.4920548726058762,0.4917351873004606,0.18870133980642761,0.7808660061836759,0.7807551758504172,0.12134079942607107,0.4089784212841814,0.4087190995281411,0.1992687068432804,MLPRegressor,6734.624143600464,0.008400917053222656,0.4891775108950175,0.4867090538767036,0.18963206024868642,0.789437426614199,0.7893486551688167,0.1189390033914463,0.4104428842721357,0.4081875080021431,0.19935826305721824,SimpleImputer,0.2892921950188063,MLPRegressor,7568.272882461548,0.029354333877563477
59,189,reg_simple_,MCAR_,0.5_,3/,0.2732281707925329,SimpleImputer,0.27336807111518235,0.2733672600452246,0.22562511599401325,0.5839626990918492,0.5771865426671137,0.1685064688974047,0.24153465027228838,0.24139512802720198,0.2257095790940714,MLPRegressor,7288.98127245903,0.014493703842163086,0.32237931227977634,0.32225169504073636,0.21790348773297644,0.6903611513148542,0.686946197572952,0.1449945467523692,0.25752430368751955,0.25747026432853604,0.2233053367033974,SimpleImputer,0.2892231731286763,MLPRegressor,7543.295010566711,0.01771259307861328
60,189,reg_full_,MAR_,0.01_,3/,0.29619039811014813,IterativeImputer,0.962586681084388,0.9625164827197286,0.051244838606105285,0.9283847294174483,0.9283535674628794,0.06936485175154182,0.9151580655162087,0.9151437084267482,0.07548909192494488,MLPRegressor,7988.7313096523285,0.013993024826049805,0.9551429466567399,0.9550144149351225,0.056139255397110496,0.9269011854936445,0.9268924330270404,0.070068584239688,0.9124190434487089,0.9123981679460877,0.07670060181150865,KNNImputer,0.29291304862174566,MLPRegressor,12152.442505598068,0.06541252136230469
61,189,reg_full_,MAR_,0.1_,3/,0.2882954321271167,KNNImputer,0.8487401818692004,0.847629216920018,0.10331914682988608,0.904061423706801,0.9007783270512613,0.08162918299060101,0.8279586059242827,0.8245968095355456,0.10853277852389712,MLPRegressor,7969.7290234565735,0.013286828994750977,0.8775515431493794,0.8772220363475254,0.09274492931234297,0.9121400034346722,0.9121378036622015,0.07681449943420027,0.832794134623641,0.8327801043975497,0.10597078490930179,KNNImputer,0.2778090293626727,MLPRegressor,8619.486110448837,0.40898799896240234
62,189,reg_full_,MAR_,0.3_,3/,0.27081715795980826,IterativeImputer,0.6875793394911827,0.686166514350738,0.1482789840401097,0.8319346025743374,0.8318523735119835,0.10626433965712583,0.6134027834628146,0.6133058088000534,0.1611484012569319,MLPRegressor,9299.610534191132,0.032190799713134766,0.701039757619236,0.7009621270654729,0.14474149664195698,0.8737211077962397,0.8722807649328475,0.09261265433494821,0.6542888292299585,0.6539654684543155,0.15244103796240246,SimpleImputer,0.28830391533197186,MLPRegressor,8486.159977674484,0.008553266525268555
63,189,reg_full_,MAR_,0.5_,3/,0.22225857036550928,VAE,0.02324931570509936,0.02324931570509936,0.2615904130377683,0.020331620798024974,0.019512075492884695,0.2566039289944676,0.005275260007080007,0.004882834726813945,0.258511153750995,LGBMRegressor,1128.88729763031,0.008446693420410156,0.5108615514472854,0.5105543735567757,0.1851749293279058,0.8288106997467852,0.8270946354970861,0.10775722803557494,0.606199781453531,0.6049657806784108,0.1628769153532028,SimpleImputer,0.2888448247518172,MLPRegressor,10844.95429968834,0.007973909378051758
64,189,reg_full_,MNAR_,0.01_,3/,0.2871850133857461,SimpleImputer,0.9426594563055438,0.9426578771063948,0.06338213222271834,0.9265093444683101,0.9264441477539564,0.0702830812559954,0.9012023556887705,0.9011951960652217,0.0814575244545483,MLPRegressor,8651.257670402527,0.013728141784667969,0.9371401347856977,0.9349439329352707,0.06751089473962504,0.9300732609020962,0.9282917301714795,0.06939477933675425,0.903916615668282,0.9016562540500007,0.08126724748307229,KNNImputer,0.2762162599815727,MLPRegressor,8822.921055555344,0.09832215309143066
65,189,reg_full_,MNAR_,0.1_,3/,0.2778374842983272,IterativeImputer,0.8159443615846637,0.8159353988358367,0.11355731062162074,0.8766396490952852,0.8759423463725894,0.09127544491131535,0.7098527129967789,0.7098198730675711,0.13959697591766895,MLPRegressor,6286.943573713303,0.02760171890258789,0.7969182375902619,0.7941962338778389,0.12007611289210039,0.8875477925196902,0.882900794632252,0.08867866594656874,0.7153728744622266,0.7134954409016351,0.13871005557227417,SimpleImputer,0.29180873203828284,MLPRegressor,12118.447909355164,0.05066108703613281
66,189,reg_full_,MNAR_,0.3_,3/,0.242384278051098,VAE,0.012957953306934167,0.012957572743770185,0.2629649534714051,0.04830343660307179,0.04781541574205184,0.25287316840265195,0.005154206257824145,0.004973298888873323,0.25849940311135117,AdaBoostRegressor,1367.5803499221802,0.05072379112243652,0.48752556744505315,0.4865321532763076,0.18966473483192026,0.7592551754035464,0.7489591174210636,0.1298417629774041,0.4092634859898646,0.40637751990529947,0.19966288708556149,SimpleImputer,0.28834245122992547,MLPRegressor,9706.565644979477,0.008135795593261719
67,189,reg_full_,MNAR_,0.5_,3/,0.20645365784859862,VAE,0.08195017751924716,0.08195006847381592,0.2536080952574894,0.008478478411345414,0.007491469383239746,0.2581720855622938,-0.018466628875890345,-0.018595337867736816,0.26154295337134104,XGBRegressor,2224.6419365406036,0.0072498321533203125,0.2838440115571289,0.2828324486333066,0.22415079175498054,0.6368818137433352,0.6364254958532445,0.15625678606257637,0.24173097898809504,0.24113734775095086,0.22574792483757533,SimpleImputer,0.2897099148320428,MLPRegressor,7738.716503143311,0.006865978240966797
68,189,reg_full_,MCAR_,0.01_,3/,0.2921282059701883,KNNImputer,0.947911522185294,0.9476560617365457,0.06055683365339399,0.9286941013786516,0.9282507465364604,0.06941460720364025,0.9073608064992424,0.90692777611038,0.07905916492101998,MLPRegressor,9732.317284107208,0.017529726028442383,0.9603212416069046,0.9602508269110991,0.052770840414857245,0.9287614207661228,0.9287610688460114,0.06916730820990724,0.9081118448651377,0.90811169516818,0.07855472216939892,IterativeImputer,0.28951125228400704,MLPRegressor,10825.823660612106,0.03613686561584473
69,189,reg_full_,MCAR_,0.1_,3/,0.2685601811516432,VAE,0.010709145322756575,0.010709106922149658,0.26326429282393177,0.017893284509448604,0.017660895043910663,0.2568460513930057,0.012345613681545742,0.012096881866455078,0.25757241281276494,ARDRegression,1043.1891889572144,0.002829313278198242,0.7439324145874051,0.741635474281878,0.13453844482096206,0.8761447884612854,0.875196167986567,0.09154953383638126,0.7145238322949958,0.7123827607475124,0.1389791444249143,KNNImputer,0.2914959359475196,MLPRegressor,10821.35778427124,0.7625231742858887
70,189,reg_full_,MCAR_,0.3_,3/,0.24330737039393302,VAE,0.0052415091157239635,0.005241513252258301,0.2639907980656266,0.011669704024035998,0.011447058707642732,0.25765711723378637,0.003238991396996016,0.002978503704071045,0.2587583873965733,ARDRegression,1646.5913474559784,0.0028297901153564453,0.46532129970628255,0.46484056092838755,0.19362951446464924,0.7836126841426895,0.7758702541107326,0.12268512973281279,0.44412350792425037,0.4430558222246713,0.1933962332955307,IterativeImputer,0.28643988817464355,MLPRegressor,7462.551158189774,0.02050304412841797
71,189,reg_full_,MCAR_,0.5_,3/,0.20420788960048813,VAE,0.007617047458406634,0.007616996765136719,0.263675397334775,0.01605460345256937,0.015856141446204286,0.2570818819339132,0.006043706564262785,0.00573575496673584,0.2584003507065063,ARDRegression,1393.4607288837433,0.002852916717529297,0.3202213414196283,0.3094405253812733,0.21995331189144576,0.6826721467059049,0.6778119900653572,0.14709464561575764,0.23766441233836078,0.2308859034823768,0.22726761938461734,SimpleImputer,0.2882848646426259,MLPRegressor,8351.233117103577,0.006868124008178711
72,197,reg_simple_,MAR_,0.01_,1/,0.0981033446180883,SimpleImputer,0.9845831116949432,0.9845830499551304,2.3141561986182575,0.9803093952813631,0.9803011023774009,2.4440064347698667,0.980196453113694,0.9801824668889846,2.4513548322938212,MLPRegressor,6904.509619951248,0.014066696166992188,0.985690467414826,0.9852681472208931,2.262153764196564,0.9808165583794521,0.9804575071625787,2.434284670408249,0.9806841306484555,0.9803038099930668,2.4438384645198448,SimpleImputer,0.12113395059620194,MLPRegressor,8024.277125120163,0.025740385055541992
73,197,reg_simple_,MAR_,0.1_,1/,0.10367418978197471,SimpleImputer,0.9981448650360107,0.9981448650360107,0.8027524948120117,0.9829578399658203,0.982954740524292,2.2734375,0.8055956959724426,0.803429901599884,7.720405578613281,XGBRegressor,6937.155019760132,0.029309749603271484,0.9943163990974426,0.9943163990974426,1.4050912857055664,0.9831606149673462,0.9831526279449463,2.2602014541625977,0.7938235998153687,0.7912579774856567,7.955845832824707,SimpleImputer,0.13014452458780987,XGBRegressor,1689.4583263397217,0.012889623641967773
74,197,reg_simple_,MAR_,0.3_,1/,0.1275894964864088,SimpleImputer,0.9913097620010376,0.9913097023963928,1.7374413013458252,0.9808401465415955,0.9808400273323059,2.410344123840332,0.41525599360466003,0.405462384223938,13.42675495147705,XGBRegressor,3355.4072403907776,0.008600473403930664,0.9956783824933592,0.9956783824933592,1.225227115667817,0.980362954940649,0.9803164715580127,2.443052835576614,0.9696504663522888,0.9696149489640806,3.0353681202514387,SimpleImputer,0.10358988942051259,ExtraTreesRegressor,1527.5448186397552,0.07035994529724121
75,197,reg_simple_,MAR_,0.5_,1/,0.1300564143192478,SimpleImputer,0.9846009720357969,0.9845999647052013,2.3128863587319555,0.965307132866067,0.9620465944064697,3.3923976935264117,0.9014968204452144,0.87052555203618,6.265755117087591,RandomForestRegressor,2473.752482175827,0.08001923561096191,0.9836808717315452,0.9836808717315452,2.380904164155527,0.9749567137904231,0.972562527535149,2.884386367782883,0.9600467188941821,0.956556735858016,3.629464959440158,SimpleImputer,0.08714219708065098,RandomForestRegressor,2072.437413454056,0.08953380584716797
76,197,reg_simple_,MNAR_,0.01_,1/,0.10291272997120356,SimpleImputer,0.9830262389586202,0.98288060024372,2.438583905963349,0.9804435311646535,0.9802287737482388,2.4484891645185565,0.9777787741204103,0.9776171513927335,2.6051879580944393,MLPRegressor,8194.643896579742,0.008893251419067383,0.9981748461723328,0.9981748461723328,0.7962337136268616,0.9837137460708618,0.9837063550949097,2.222748041152954,0.8987010717391968,0.8985223174095154,5.5471086502075195,SimpleImputer,0.13195694051005136,XGBRegressor,3720.8143696784973,0.015567779541015625
77,197,reg_simple_,MNAR_,0.1_,1/,0.109645726006031,SimpleImputer,0.984131501692166,0.9841285868960113,2.348016986451055,0.9804274103570474,0.980415281778302,2.436913125812478,0.9599264879801112,0.9599179468713845,3.4862326276337092,MLPRegressor,4733.717169046402,0.019257307052612305,0.9832968045238746,0.9831283998951932,2.4208705828286092,0.9774433028425399,0.9766593432326885,2.6603447483002465,0.9568087045390397,0.9565505645903947,3.6297227393819167,SimpleImputer,0.11011089085975648,MLPRegressor,4921.190970182419,0.028120040893554688
78,197,reg_simple_,MNAR_,0.3_,1/,0.09549174032795041,SimpleImputer,0.9903531670570374,0.9903531670570374,1.8305680751800537,0.9754424691200256,0.9753383994102478,2.7345900535583496,0.9498197436332703,0.9498082995414734,3.9011921882629395,XGBRegressor,1203.1324689388275,0.022283315658569336,0.9837962478207923,0.9837962478207923,2.37247274976365,0.9734534435910753,0.9734528788525827,2.8372009677755683,0.9484587175500351,0.9484291233763331,3.954427706713868,SimpleImputer,0.10342279525671004,LGBMRegressor,1031.372441291809,0.03910040855407715
79,197,reg_simple_,MNAR_,0.5_,1/,0.09824810704549072,SimpleImputer,0.919689601482033,0.9196856286018122,5.281898713941211,0.9443173000928818,0.9357202479046332,4.414875694244587,0.802680894169159,0.8026450600460627,7.7358026934232065,RandomForestRegressor,1031.900595664978,0.0797572135925293,0.9361641526985939,0.9361624448207384,4.709031111347304,0.9421273995514431,0.9249734131619937,4.769677092754344,0.7993878966437438,0.7992862696092216,7.801352914326101,SimpleImputer,0.10715413244958424,RandomForestRegressor,990.8630669116974,0.08174633979797363
80,197,reg_simple_,MCAR_,0.01_,1/,0.09947305909276663,SimpleImputer,0.9844071180616188,0.9843975983306991,2.328033169035084,0.9794091227957367,0.9793706799313727,2.501058445070968,0.9786992313218847,0.9786442136328886,2.5447151027091515,MLPRegressor,7369.885215997696,0.008872747421264648,0.9841771169659504,0.9841698984162359,2.3449591820509195,0.9801235346157735,0.9800233397044853,2.4611768741199453,0.9797060194957231,0.9796283359952669,2.4853905102135454,SimpleImputer,0.10150758339996604,MLPRegressor,8470.354546070099,0.027226924896240234
81,197,reg_simple_,MCAR_,0.1_,1/,0.09680764767184565,SimpleImputer,0.9899389228577925,0.9899387635176327,1.8694726463533229,0.9790316809785402,0.978978951981043,2.5246929400120552,0.9752944795951813,0.9752829087472277,2.737663488462622,RandomForestRegressor,3610.685405731201,0.05770277976989746,0.994151556520922,0.9941506972268469,1.4254286633694802,0.9802234176450768,0.9801969460938529,2.450459156879999,0.9768043528143905,0.9767959078794108,2.6525505797592026,SimpleImputer,0.10330119506905204,RandomForestRegressor,1499.1108059883118,0.07096409797668457
82,197,reg_simple_,MCAR_,0.3_,1/,0.09699394264775962,SimpleImputer,0.9837235808372498,0.9837235808372498,2.3777871131896973,0.9737222194671631,0.9733090400695801,2.8448784351348877,0.9367907047271729,0.9367879033088684,4.378057479858398,XGBRegressor,1674.241231918335,0.02279806137084961,0.9645108593754751,0.964510721337287,3.511090491393489,0.9734163741162807,0.9706494708349884,2.9832479527378855,0.9342148524590094,0.9342144116314269,4.466288419570592,SimpleImputer,0.11089827963960976,RandomForestRegressor,1499.802470445633,0.06728625297546387
83,197,reg_simple_,MCAR_,0.5_,1/,0.08599202285069624,SimpleImputer,0.9119869896600813,0.9119869896600812,5.529258247138032,0.9662380146473554,0.9630340658397915,3.347975153513351,0.8861817677203512,0.886165925953482,5.875130572458562,LGBMRegressor,1873.053961277008,0.0191037654876709,0.9155687946839031,0.9155687946839031,5.415579444933321,0.9618798061439899,0.9591182916579527,3.520836851751944,0.8875287602945504,0.8875056958013845,5.8404545734576,SimpleImputer,0.1005447057943418,LGBMRegressor,1010.6217966079712,0.023810386657714844
84,197,reg_full_,MAR_,0.01_,1/,0.04852021132688521,IterativeImputer,0.9928066759940852,0.9928066759940852,1.5807320098049178,0.9839438921977675,0.9839426056172296,2.206576153896078,0.9839203539231662,0.98391926321085,2.2081794056747386,LGBMRegressor,1054.4954345226288,0.02722764015197754,0.993030846118927,0.9930019378662109,1.5495538711547852,0.978614091873169,0.9786139726638794,2.5465171337127686,0.9643293619155884,0.9623834490776062,3.6023082733154297,IterativeImputer,0.09693207274451128,XGBRegressor,6745.124211549759,0.31827807426452637
85,197,reg_full_,MAR_,0.1_,1/,0.03493922794557437,IterativeImputer,0.9857089357375565,0.9855855624174803,2.2376506688933318,0.9811236037659955,0.9810129058335664,2.3994440944421807,0.9806725276228029,0.9805580694303785,2.4280133895952623,MLPRegressor,9361.246309041977,0.07898592948913574,0.9921619348297673,0.9921619348297673,1.650052914923204,0.9806768296898815,0.9806748061430578,2.4207130587383197,0.8862977346896639,0.8820271633876612,5.98098060988959,IterativeImputer,0.07778316137694018,HistGradientBoostingRegressor,8502.637005329132,0.05157637596130371
86,197,reg_full_,MAR_,0.3_,1/,0.05068280022962589,IterativeImputer,0.983463790796216,0.9828953022413537,2.4375365632996546,0.981400694940112,0.9806661093589718,2.4212576858964168,0.9807740295356234,0.9802022216782034,2.450132730836263,MLPRegressor,7209.42111992836,0.015089273452758789,0.9938782453536987,0.9938782453536987,1.4582513570785522,0.9828281402587891,0.982826828956604,2.281951665878296,0.9765589237213135,0.9765588641166687,2.6660637855529785,KNNImputer,0.06733206324988501,XGBRegressor,7686.603930950165,2.228376626968384
87,197,reg_full_,MAR_,0.5_,1/,0.056540544125683226,IterativeImputer,0.8790182083605474,0.8790131003375105,6.482799807406938,0.9711894873844491,0.9696578554951876,3.033224251449748,0.9675012073617772,0.9655021170405927,3.234279929036834,ExtraTreesRegressor,4062.7305097579956,0.0568082332611084,0.9312591721585128,0.9312591721585128,4.886532770302796,0.9605086725426204,0.9572856384656314,3.5988880973821553,0.95637215657134,0.9516928595475853,3.82725191050994,SimpleImputer,0.11298724468278287,RandomForestRegressor,8536.017022371292,0.06541037559509277
88,197,reg_full_,MNAR_,0.01_,1/,0.04497626693311744,IterativeImputer,0.9939839285440258,0.9939839285440258,1.4456059583015224,0.9839987694482567,0.9839985339040056,2.202730023305156,0.9839204200838305,0.9839201681198669,2.2081172745176487,LGBMRegressor,7071.006952047348,0.026366233825683594,0.9990038871765137,0.9990038871765137,0.5882315635681152,0.9807185530662537,0.9807041883468628,2.4188718795776367,0.9790071845054626,0.9789991974830627,2.523475408554077,IterativeImputer,0.05735001887687592,XGBRegressor,10286.610843896866,0.3969542980194092
89,197,reg_full_,MNAR_,0.1_,1/,0.052131711211077084,IterativeImputer,0.9901171922683716,0.9901171922683716,1.8528215885162354,0.9826973676681519,0.9826973676681519,2.290536880493164,0.9573541283607483,0.9573116302490234,3.5977931022644043,XGBRegressor,3990.083196401596,0.01056528091430664,0.9889380625399441,0.9889380625399441,1.9602390475440643,0.9825151847571325,0.9825105394415725,2.302870893370666,0.9336686166413636,0.9336262095969985,4.486210972485292,IterativeImputer,0.0654189862146629,LGBMRegressor,8907.944131851196,0.7112836837768555
90,197,reg_full_,MNAR_,0.3_,1/,0.06978982396006717,IterativeImputer,0.9861385213618751,0.9861385213618751,2.194311183830557,0.9802541830715118,0.9802538110040582,2.4469383535324782,0.8690947506098062,0.8685532436850735,6.313298448945138,ExtraTreesRegressor,2545.42205619812,0.07909297943115234,0.975897880506117,0.975897880506117,2.8934837936591222,0.977894145350052,0.9778378586254307,2.592311842971107,0.8703618900899008,0.8699238977842665,6.280296398880787,IterativeImputer,0.06313821555147035,LGBMRegressor,8194.443331718445,1.2786836624145508
91,197,reg_full_,MNAR_,0.5_,1/,0.07364852892171182,IterativeImputer,0.922943164507273,0.922943164507273,5.173673543919557,0.9743203536199363,0.9740641879405274,2.804344145872712,0.8947736777098652,0.8946390869308504,5.652247185404288,ExtraTreesRegressor,2928.075409412384,0.06341552734375,0.9084779250064687,0.9084748845533763,5.638499928661558,0.9574790516276678,0.9553871364486691,3.677997531982594,0.87522511011674,0.874755439604638,6.162555163105995,SimpleImputer,0.09769344786477668,RandomForestRegressor,7313.273797512054,0.06701016426086426
92,197,reg_full_,MCAR_,0.01_,1/,0.040335632758728195,IterativeImputer,0.9945694257329767,0.9945694257329767,1.3734609472464618,0.9840397849909784,0.9840397112812631,2.1998939996482436,0.9840986546219999,0.9840983932283401,2.1958460483315223,LGBMRegressor,1328.8788919448853,0.02880716323852539,0.9932128687564683,0.9932128687564683,1.5354531164720293,0.9836474778610802,0.9836473807755133,2.2267683791315283,0.9831199823713567,0.9831199452984006,2.2623943539443703,KNNImputer,0.0485112600021945,LGBMRegressor,4544.840610265732,0.32917118072509766
93,197,reg_full_,MCAR_,0.1_,1/,0.04770259308290166,IterativeImputer,0.9847251030877978,0.984677568849023,2.307051428632333,0.9822501418843604,0.98212054991021,2.328404672269098,0.9815382134050299,0.9813999206195261,2.374864208448476,MLPRegressor,7989.411670207977,0.028313159942626953,0.9953823089599609,0.9953823089599609,1.2665058374404907,0.9816917181015015,0.9816827774047852,2.356738805770874,0.9802570939064026,0.9802447557449341,2.447497606277466,IterativeImputer,0.05335045417219479,XGBRegressor,6209.0670347213745,0.6917657852172852
94,197,reg_full_,MCAR_,0.3_,1/,0.06707002330779127,IterativeImputer,0.9401862209693167,0.9397741030814978,4.573883249422715,0.9787218751344992,0.9785103057495727,2.5526807404473897,0.9640776150971133,0.9638867884184593,3.3091346537965296,MLPRegressor,6375.765699625015,0.014765739440917969,0.9273675618435946,0.9273675618435946,5.022948762578266,0.9536082175677861,0.9532135169450303,3.7665313251190558,0.934131241814006,0.9340900691522274,4.470507331474535,IterativeImputer,0.06532416788355712,LGBMRegressor,252.96130442619324,1.298144817352295
95,197,reg_full_,MCAR_,0.5_,1/,0.07796367291156639,IterativeImputer,0.9113335834198735,0.9113287009154577,5.549897626338796,0.9699976356667066,0.9693376577206723,3.049186912845673,0.8493909626177799,0.849356765431513,6.758591527121221,ExtraTreesRegressor,2375.3388900756836,0.06309103965759277,0.9127735230602291,0.912773523060229,5.50449653245449,0.9636999921342201,0.9636347521205324,3.3206619023326462,0.7590928487202491,0.7587549936219717,8.55284397889183,IterativeImputer,0.0784563073376692,LGBMRegressor,662.7222969532013,0.11964535713195801
96,197,reg_simple_,MAR_,0.01_,2/,0.11056812512325184,SimpleImputer,0.9858710203856949,0.9858341797590089,2.2182694585961875,0.981759040960214,0.9817422392071021,2.3529090483283306,0.9815518148614143,0.9815416006631577,2.365802041318435,MLPRegressor,9865.880972623825,0.018990278244018555,0.9991268051093067,0.9991268051093067,0.5507430552887207,0.9826114808922048,0.9825892523032468,2.2976829126398246,0.9795451757583798,0.9794927183851193,2.49364961977454,SimpleImputer,0.09817151129191262,HistGradientBoostingRegressor,7331.534618616104,0.015979528427124023
97,197,reg_simple_,MAR_,0.1_,2/,0.10257114629128036,SimpleImputer,0.9998383309112452,0.9998383309112452,0.2369774008240389,0.9802134786011795,0.9801797037628259,2.4515257205304843,0.9376355940980725,0.9374153307548412,4.356275765702699,HistGradientBoostingRegressor,6328.3103058338165,0.012761116027832031,0.9861031370872418,0.9860143435638167,2.204118116918894,0.9811787501524988,0.9808253442087574,2.4112662737619206,-0.7943728186656454,-0.9795079483709574,24.499657237914537,SimpleImputer,0.21688245481135315,MLPRegressor,5787.816245555878,0.028385639190673828
98,197,reg_simple_,MAR_,0.3_,2/,0.10989681657051557,SimpleImputer,0.9776105171899864,0.97760229937072,2.789299534500416,0.972748414126856,0.9726228569864197,2.881213531665353,0.7844262375705792,0.7820989093653249,8.128512640670447,MLPRegressor,7638.825486898422,0.01427769660949707,0.9921716967289655,0.9921716967289655,1.6490250675966414,0.9794614814956388,0.9794451096557584,2.4965425109090833,0.7679753153218402,0.7657086408864202,8.428679095812425,SimpleImputer,0.10592691975619808,ExtraTreesRegressor,4148.436735868454,0.06333541870117188
99,197,reg_simple_,MAR_,0.5_,2/,0.11395751896496728,SimpleImputer,0.9962781518275239,0.9962781518275239,1.137032197814746,0.9772647687676159,0.977123151880016,2.633779893498636,0.9409035987132994,0.9406091553611106,4.243665405140155,HistGradientBoostingRegressor,2427.646583557129,0.01211690902709961,0.998763830700949,0.998763830700949,0.6552882992560107,0.9800025153334961,0.979830860791548,2.4730054030148803,0.9429494716798703,0.9429432838128747,4.159439098958074,SimpleImputer,0.11177016087127155,ExtraTreesRegressor,1422.2357687950134,0.07755827903747559
100,197,reg_simple_,MNAR_,0.01_,2/,0.11457750305066883,SimpleImputer,0.9850513274127557,0.9849106929404423,2.2894337710948487,0.9811588056247177,0.9810268662922857,2.3985618241085027,0.9798367885728888,0.9797154312624023,2.4800719066115517,MLPRegressor,9165.34431385994,0.026773691177368164,0.9866651800838083,0.9866208999617065,2.155792154733507,0.9815217383091732,0.9814740932598948,2.370124284839163,0.9804837295176746,0.9804506758823109,2.4347100979111054,SimpleImputer,0.10592284741213326,MLPRegressor,7323.087482213974,0.031809091567993164
101,197,reg_simple_,MNAR_,0.1_,2/,0.0986457998625355,SimpleImputer,0.998058021068573,0.9980578422546387,0.8213605284690857,0.9807564616203308,0.9807554483413696,2.4156558513641357,0.9752861857414246,0.9752832651138306,2.737644672393799,XGBRegressor,1443.853688955307,0.022725820541381836,0.9936296939849854,0.9936296939849854,1.4875550270080566,0.9814412593841553,0.9814251661300659,2.3732516765594482,0.97427898645401,0.9742769002914429,2.792820692062378,SimpleImputer,0.11220997401664591,XGBRegressor,1323.708557844162,0.012809276580810547
102,197,reg_simple_,MNAR_,0.3_,2/,0.09282335042717657,SimpleImputer,0.9809768663988115,0.9809768663988115,2.5705997774080447,0.9751595557316498,0.974918915918405,2.757747728285323,0.9643492556088757,0.9642188300849184,3.293886661899802,RandomForestRegressor,2466.693277359009,0.0711665153503418,0.9840541410255729,0.9840541410255729,2.3535173054435083,0.975610153097269,0.9753282839101555,2.735149459020237,0.9645313882616982,0.9643998662500562,3.285543323885151,SimpleImputer,0.10236050279582427,RandomForestRegressor,1023.3033499717712,0.07701849937438965
103,197,reg_simple_,MNAR_,0.5_,2/,0.09698290122702388,SimpleImputer,0.9190193619422432,0.9190193619422433,5.303762077738909,0.9555350020983437,0.9539123605516946,3.738295395280584,0.8675096489191223,0.865774556475115,6.37967870610666,LGBMRegressor,1716.975344657898,0.024265289306640625,0.9103919744242899,0.9103897043154812,5.579205931803315,0.961429983670119,0.95862509517605,3.5420108510968484,0.8799412851929759,0.8784631312715014,6.070652940639805,SimpleImputer,0.1083216893619546,RandomForestRegressor,1234.7502615451813,0.06671690940856934
104,197,reg_simple_,MCAR_,0.01_,2/,0.1000365216529446,SimpleImputer,0.9853284833569422,0.9852795457620339,2.2612784417642984,0.9806505193512056,0.9805793661109751,2.4266832029242784,0.9788601957937285,0.978783359702183,2.5364113634231593,MLPRegressor,6199.8354279994965,0.01342463493347168,0.9857793209700643,0.9855046677802387,2.2439207950474604,0.9814581595281109,0.9812955269930606,2.381519389558993,0.9775709920015453,0.9772986806835683,2.6236562427639747,SimpleImputer,0.11388048826527634,MLPRegressor,6075.364698171616,0.018456459045410156
105,197,reg_simple_,MCAR_,0.1_,2/,0.09207200227447788,SimpleImputer,0.995978198488656,0.995978198488656,1.181962650060114,0.9816712968638462,0.9816483472633135,2.3589512982806062,0.971980738829961,0.9719794824040423,2.9148718097982393,HistGradientBoostingRegressor,5832.6402270793915,0.011688470840454102,0.9908694401195001,0.9908694401195001,1.7809106913056638,0.978937571111361,0.9788083258414634,2.534918595522747,0.9695785832713361,0.9695776119859799,3.037232469253283,SimpleImputer,0.10562400582998682,LGBMRegressor,1468.3840889930725,0.035327911376953125
106,197,reg_simple_,MCAR_,0.3_,2/,0.09177016048939578,SimpleImputer,0.9913623332977295,0.9913622736930847,1.732179045677185,0.9647242426872253,0.9644249081611633,3.284386396408081,0.9159311056137085,0.9159197807312012,5.049266338348389,XGBRegressor,1530.8934128284454,0.024120569229125977,0.9841168488255174,0.9841168488255174,2.3488850910971997,0.9736611306621733,0.9719903389045209,2.91430707410209,0.9196533360171195,0.9196099570083063,4.937220390184114,SimpleImputer,0.1096086930629126,RandomForestRegressor,1037.5284714698792,0.06806325912475586
107,197,reg_simple_,MCAR_,0.5_,2/,0.08862427767567493,SimpleImputer,0.9086247895117906,0.9086180701380828,5.63408765386721,0.9551592126612054,0.9483509158055491,3.9574250284853623,0.8554420312016223,0.8553621980401848,6.622504927205408,RandomForestRegressor,1919.5679051876068,0.06925106048583984,0.8888452665899103,0.888840167950759,6.2139446078529135,0.9524412895388066,0.9485521961377849,3.949706310832408,0.8533863846973693,0.8532943532828542,6.669676941689956,SimpleImputer,0.10194240757798612,RandomForestRegressor,1984.977352142334,0.06256508827209473
108,197,reg_full_,MAR_,0.01_,2/,0.06051652504774946,IterativeImputer,0.9994172140441133,0.9994172140441133,0.4499331326134315,0.9831897148261453,0.9831688703987507,2.259113316247871,0.9831962709916271,0.9831728256534454,2.2588478589146925,HistGradientBoostingRegressor,9467.731046199799,0.011866569519042969,0.9922313185748908,0.9922313185748908,1.642733420902547,0.9819430843907149,0.981938788950509,2.3402099266644134,0.981656969740413,0.9816480885455354,2.3589679262240457,IterativeImputer,0.06581404592647778,HistGradientBoostingRegressor,12489.510182142258,0.03838706016540527
109,197,reg_full_,MAR_,0.1_,2/,0.03950192154995149,IterativeImputer,0.9795049288815232,0.9794469284393192,2.6719713907833667,0.9810043362779588,0.9808512021707178,2.4096398699531627,0.9806564003741218,0.9804877601686163,2.4323997278608376,MLPRegressor,8680.850536346436,0.07826375961303711,0.9889265217341042,0.9889265217341042,1.9612613296211179,0.9834496335327635,0.9834483648648689,2.2402775950435476,0.9826951777301528,0.9826925516553809,2.290856604500938,KNNImputer,0.06574627787747565,LGBMRegressor,6180.968541383743,1.163492202758789
110,197,reg_full_,MAR_,0.3_,2/,0.03628744478387384,IterativeImputer,0.983375278829822,0.983375278829822,2.4030932392634643,0.9798388427056344,0.9798274416761756,2.473215008699687,0.9789662096018944,0.9789408161413339,2.5269820184871565,ExtraTreesRegressor,7417.755500793457,0.06096982955932617,0.8356593800781337,0.8172991100880843,7.9664304323275275,0.935412538639184,0.9352063448372209,4.432488561779169,0.9027620744392076,0.9026876668591156,5.432069602979561,SimpleImputer,0.2165764291916401,AdaBoostRegressor,264.5966875553131,0.02122187614440918
111,197,reg_full_,MAR_,0.5_,2/,0.05753054331723042,IterativeImputer,0.9937911033630371,0.9937911033630371,1.4685935974121094,0.9826290607452393,0.9826219081878662,2.2955281734466553,0.9798388481140137,0.9798373579978943,2.4726064205169678,XGBRegressor,4144.361541032791,0.011986494064331055,0.9976910569657715,0.9976910569657715,0.895571048899108,0.9794557201856668,0.9794543187488242,2.4959831922350815,0.9714349880593343,0.9712779756280181,2.9511338437372916,KNNImputer,0.07151904415199765,HistGradientBoostingRegressor,5979.845565080643,3.260803699493408
112,197,reg_full_,MNAR_,0.01_,2/,0.04250839876254241,IterativeImputer,0.9865408011326618,0.9865253670066171,2.1634751400671672,0.9811318425296582,0.9810536860386679,2.3968659637906935,0.9812862365466422,0.9812093027918333,2.387002262575829,MLPRegressor,6863.969276189804,0.006688117980957031,0.9949824810028076,0.9949824810028076,1.3201943635940552,0.9833264350891113,0.9833246469497681,2.248636484146118,0.9832234382629395,0.983222246170044,2.2555301189422607,IterativeImputer,0.058365810185615916,XGBRegressor,7454.918138504028,0.2689175605773926
113,197,reg_full_,MNAR_,0.1_,2/,0.05204629335165276,IterativeImputer,0.9847348101596547,0.9846101950154797,2.3121180008821836,0.9812153226161363,0.9809980946345767,2.4003797751658893,0.9805009063052523,0.9802853899674177,2.444980945562543,MLPRegressor,7714.604721784592,0.0608670711517334,0.9913010693506255,0.9913010177783774,1.7383117198404465,0.9821719226211961,0.9821719223764649,2.3250571997331635,0.9810651873823419,0.9810632970013389,2.3962579534013013,IterativeImputer,0.05438769084629352,LGBMRegressor,11437.021597385406,0.7189717292785645
114,197,reg_full_,MNAR_,0.3_,2/,0.06740154729632,IterativeImputer,0.9706429875551965,0.9704255181492971,3.205176935031398,0.9784822694198226,0.9783769522212833,2.5605887756352432,0.9616495485892628,0.9613522743694964,3.423287341053722,MLPRegressor,9936.266129732132,0.04426765441894531,0.9775342148554498,0.9775320041940226,2.7936732133669415,0.9704362048308759,0.9702871725522211,3.001603850983052,0.9052075688709083,0.9051518203178466,5.362852887147992,IterativeImputer,0.06325536329054421,LGBMRegressor,8391.846856355667,1.4058349132537842
115,197,reg_full_,MNAR_,0.5_,2/,0.07217818063652297,IterativeImputer,0.8815364558512242,0.8814291991508181,6.4177428744202745,0.9763332467891601,0.9751009524063732,2.7477217477794977,0.9529609673474037,0.9526139170990734,3.7905897891426448,MLPRegressor,4115.702161550522,0.01640772819519043,0.9187688266692069,0.9187674932568959,5.312003643399221,0.9565120640879377,0.9468856672786197,4.013167147190903,0.925419795119072,0.9253993710192233,4.756118077111018,SimpleImputer,0.1115270936084069,RandomForestRegressor,3536.801782608032,0.0691232681274414
116,197,reg_full_,MCAR_,0.01_,2/,0.038810564802275724,IterativeImputer,0.9870657254950653,0.9869412501010888,2.1298265608311038,0.9823566762367244,0.9822775286888924,2.3181606227673415,0.9823774844190254,0.9822989445113529,2.316759567509002,MLPRegressor,7540.559673547745,0.07590842247009277,0.9935914068673276,0.9935914068673276,1.492020487465259,0.9839012735616062,0.9839007916595796,2.209447282674853,0.9837262095414805,0.9837258031630758,2.2214224965913085,KNNImputer,0.044531830108473,LGBMRegressor,6839.643307685852,0.3073770999908447
117,,,,,,,,,,,,,,,,,,,,,,,,,,,,,,,,,
118,197,reg_full_,MCAR_,0.3_,2/,0.06230482539276414,IterativeImputer,0.9686093330383301,0.9686093330383301,3.302126884460449,0.9761205911636353,0.9760746955871582,2.6934590339660645,0.9268749952316284,0.9268250465393066,4.710451602935791,XGBRegressor,1247.2445712089539,0.010565757751464844,0.9849655628204346,0.9849650859832764,2.2853055000305176,0.9696287512779236,0.9691920280456543,3.0564193725585938,0.9350433349609375,0.9350426197052002,4.438085556030273,SimpleImputer,0.10440938323498265,XGBRegressor,8335.044186353683,0.02716541290283203
119,197,reg_full_,MCAR_,0.5_,2/,0.07008405044821016,IterativeImputer,0.9070923728983913,0.9070922093552418,5.680930849595486,0.9760118024395513,0.9757196045269517,2.7133715153968554,0.8328458403251,0.8328351975022269,7.119570636759973,ExtraTreesRegressor,3665.6215624809265,0.05437922477722168,0.9042939187028383,0.9042864254489282,5.766073904765966,0.9582240395085504,0.9556131477329368,3.6686692310329456,0.8500468374209961,0.8500413686646542,6.74321671643137,SimpleImputer,0.11037752720901808,LGBMRegressor,5844.8515837192535,0.023431777954101562
120,197,reg_simple_,MAR_,0.01_,3/,0.1206588428033245,SimpleImputer,0.9862921992444637,0.9862854087448165,2.182653875415704,0.9813006611814591,0.9812899565863682,2.381873985061193,0.9806570658988427,0.9806489844530326,2.422329757559685,MLPRegressor,7377.438721656799,0.00942850112915039,0.982623907380788,0.9825647312567399,2.4609781598348914,0.9802150811933732,0.9801200964398207,2.4552092977601077,0.9798000423811323,0.979709597095249,2.48042853518971,SimpleImputer,0.12214838112097791,MLPRegressor,4109.080594062805,0.0430760383605957
121,197,reg_simple_,MAR_,0.1_,3/,0.11176955160195015,SimpleImputer,0.9972090884427062,0.9972090884427062,0.984615058851007,0.9807459241818158,0.9807302311303993,2.417239242929428,0.5922393223189235,0.5528928661123887,11.643597472147517,HistGradientBoostingRegressor,1467.7860310077667,0.013271093368530273,0.99249042505629,0.99248861889632,1.6153005287293587,0.9820740920086597,0.9820724423380324,2.3315350439684055,0.9605204512369706,0.9600979872620052,3.4783940932325152,SimpleImputer,0.10603591801012711,LGBMRegressor,1243.335074186325,0.03462624549865723
122,197,reg_simple_,MAR_,0.3_,3/,0.11067162456368636,SimpleImputer,0.9928156660835622,0.9928156660835622,1.5797439154891204,0.9815484149963498,0.9815478415857937,2.365402059839146,0.8128461287155928,0.8117324885044498,7.55560202868531,LGBMRegressor,1969.046716928482,0.0276491641998291,0.9953301167907412,0.9953301167907412,1.273639284881822,0.9822223765956267,0.9822197271201015,2.3219378681037077,0.8143677288898264,0.8137867282797108,7.5142683189818165,SimpleImputer,0.13108555096032254,LGBMRegressor,2743.8437366485596,0.03653907775878906
123,197,reg_simple_,MAR_,0.5_,3/,0.12147370829863621,SimpleImputer,0.9930991402773259,0.9930991402773259,1.5482640731627837,0.9785606584036404,0.9784695610709336,2.555099548778888,0.9730852135562222,0.9729666217217233,2.8630672172169,ExtraTreesRegressor,4097.081777572632,0.06133437156677246,0.9903358817100525,0.9903358817100525,1.8322055339813232,0.9722248911857605,0.9717245697975159,2.928100347518921,0.9689047932624817,0.9688969254493713,3.07102370262146,SimpleImputer,0.11370284013206809,XGBRegressor,1149.852127313614,0.018692970275878906
124,197,reg_simple_,MNAR_,0.01_,3/,0.09532088706378058,SimpleImputer,0.9860644867242092,0.9860484650365311,2.201427728928893,0.9810161876042464,0.9809628774218957,2.402603119392743,0.9776526688474302,0.9776272419228328,2.6046006626308023,MLPRegressor,6158.991568803787,0.02097177505493164,0.9847604549985323,0.9847504105304878,2.30156112153135,0.9809953915970708,0.9809928718165231,2.40070963381026,0.980430155342407,0.9804229507265989,2.436435958093726,SimpleImputer,0.13597398493114654,MLPRegressor,10522.374601364136,0.009770393371582031
125,197,reg_simple_,MNAR_,0.1_,3/,0.1017419254089259,SimpleImputer,0.9986199503922455,0.9986199503922455,0.692374055300891,0.9771165144396753,0.9770769460551787,2.6364383581718682,0.9735197402145687,0.9735194070849753,2.8336436635939166,RandomForestRegressor,4076.4173097610474,0.0729215145111084,0.9974848618179458,0.9974848618179458,0.9347045606442534,0.9813004561574329,0.9811655447804676,2.3897799597806215,0.9749776868651595,0.9749456245274927,2.756278987439941,SimpleImputer,0.1141653123208454,ExtraTreesRegressor,2893.188235282898,0.08286905288696289
126,197,reg_simple_,MNAR_,0.3_,3/,0.10552603672195719,SimpleImputer,0.9928829315257484,0.9928829315257484,1.572331114718036,0.9751612435002758,0.9744947609457578,2.7809685833762265,0.9432694845665542,0.9432142706666364,4.149549861444125,RandomForestRegressor,1924.4463233947754,0.07265090942382812,0.9893840551376343,0.9893840551376343,1.9203152656555176,0.9768405556678772,0.9761709570884705,2.688032388687134,0.9418169856071472,0.9418157935142517,4.200334548950195,SimpleImputer,0.10390193814819096,XGBRegressor,1060.3485445976257,0.02528834342956543
127,197,reg_simple_,MNAR_,0.5_,3/,0.09025311779843681,SimpleImputer,0.9371026151364568,0.9371026151364568,4.674226260299561,0.9396948994191248,0.938677899260369,4.3121106414900785,0.7904718876307081,0.7897640874428935,7.984263028193445,LGBMRegressor,1684.5393047332764,0.024164676666259766,0.9588717574159327,0.9588673749687789,3.779955175954727,0.953323630015042,0.941804886677815,4.200728783263487,0.8060905213401761,0.8050523881388738,7.688477418315373,SimpleImputer,0.10650890558389846,RandomForestRegressor,792.9614360332489,0.07537102699279785
128,197,reg_simple_,MCAR_,0.01_,3/,0.10405640350457643,SimpleImputer,0.9919455647468567,0.9919455051422119,1.672676682472229,0.9823293089866638,0.982327938079834,2.3148610591888428,0.9815422296524048,0.9815386533737183,2.3659908771514893,XGBRegressor,2099.954217195511,0.008605480194091797,0.9920268647515704,0.9920268646812896,1.6642095277648268,0.9810953879358593,0.9810781693698805,2.395316790849432,0.9731212832640757,0.9731212345931692,2.854868060687187,SimpleImputer,0.18526750905951947,HistGradientBoostingRegressor,1108.5286073684692,0.012274503707885742
129,197,reg_simple_,MCAR_,0.1_,3/,0.0993314868847818,SimpleImputer,0.9949713349342346,0.9949713349342346,1.3216582536697388,0.9821358323097229,0.9821212887763977,2.3283567428588867,0.9780492186546326,0.9780420064926147,2.5803439617156982,XGBRegressor,1701.9891362190247,0.015059471130371094,0.9923914369225619,0.9923911639178788,1.625745462945258,0.9799176673000345,0.9798897634587073,2.4693916364407507,0.9774515778780275,0.9774325072921536,2.615911450317582,SimpleImputer,0.09973731454181833,RandomForestRegressor,1512.979999780655,0.0627894401550293
130,197,reg_simple_,MCAR_,0.3_,3/,0.0885475147841891,SimpleImputer,0.9859539866447449,0.9859539866447449,2.2088711261749268,0.9745041131973267,0.9739949107170105,2.8080883026123047,0.9066992998123169,0.9066967964172363,5.318995475769043,XGBRegressor,1428.4288549423218,0.02817678451538086,0.9840468168258667,0.9840467572212219,2.354062795639038,0.974606454372406,0.9740094542503357,2.807300329208374,0.9040451645851135,0.9040451049804688,5.394049644470215,SimpleImputer,0.09956486316505524,XGBRegressor,1825.183400630951,0.025643348693847656
131,197,reg_simple_,MCAR_,0.5_,3/,0.08833645165003012,SimpleImputer,0.9227871709194517,0.9227871709194517,5.178907679566178,0.9492783078715282,0.9475545149536629,3.987818985368337,0.866597989449615,0.8665935267453835,6.360186271843259,LGBMRegressor,944.8229513168335,0.02857184410095215,0.9159824270288842,0.9159824270288842,5.402297571865389,0.9484594333257508,0.9461860453340721,4.039511396482005,0.8658965206262774,0.865892303032469,6.376879870067293,SimpleImputer,0.10180283190078664,LGBMRegressor,1579.567714691162,0.02704024314880371
132,197,reg_full_,MAR_,0.01_,3/,0.04580234579255099,IterativeImputer,0.9933869460562464,0.9933869460562464,1.5156344539710356,0.984098115938223,0.984098075943582,2.1958679550802236,0.9840448662344953,0.9840439718279934,2.199600352805692,LGBMRegressor,4318.157336950302,0.02606797218322754,0.9962713122367859,0.9962713122367859,1.1380748748779297,0.9836874008178711,0.983685314655304,2.224184989929199,0.9836832284927368,0.9836789965629578,2.2246134281158447,KNNImputer,0.058837157064741144,XGBRegressor,7216.447738409042,0.16150856018066406
133,197,reg_full_,MAR_,0.1_,3/,0.05314885702026474,IterativeImputer,0.9954905114968967,0.9954905114963418,1.2515755735986724,0.9814230942252467,0.981422418880857,2.373427481181968,0.9801270930627145,0.9801230569215953,2.455026478135655,HistGradientBoostingRegressor,3739.1216950416565,0.01004171371459961,0.9940483570098877,0.9940483570098877,1.4378448724746704,0.9800668358802795,0.9800560474395752,2.4591596126556396,0.9746478796005249,0.974636435508728,2.7732341289520264,IterativeImputer,0.049344338499870945,XGBRegressor,7359.195392370224,0.38317322731018066
134,197,reg_full_,MAR_,0.3_,3/,0.03839574410527209,IterativeImputer,0.9832082460789031,0.9829719957730951,2.4320657472050877,0.9806894251486401,0.9804111340820474,2.437171159658959,0.978510924665119,0.9780951402699385,2.577220764028655,MLPRegressor,6882.406742572784,0.04820823669433594,0.9835329444141394,0.983530716349715,2.3918326574148367,0.9804040816343296,0.9803369714522031,2.4417803154733217,0.9749478045984856,0.9749470332965492,2.7562014956833023,KNNImputer,0.05255201119405492,MLPRegressor,10697.812278270721,2.385009527206421
135,197,reg_full_,MAR_,0.5_,3/,0.049854979139217354,IterativeImputer,0.9938557147979736,0.9938556551933289,1.4609355926513672,0.9796113967895508,0.9796091318130493,2.486562490463257,0.6845019459724426,0.6783959269523621,9.875114440917969,XGBRegressor,2658.5895676612854,0.013571500778198242,0.9887286424636841,0.9887286424636841,1.97870934009552,0.9738337993621826,0.9738320112228394,2.8168694972991943,-2.7151663303375244,-4.302757740020752,40.09888458251953,IterativeImputer,0.058929275341927864,XGBRegressor,9742.590748548508,0.07220983505249023
136,197,reg_full_,MNAR_,0.01_,3/,0.04119633411878364,IterativeImputer,0.9952246482182756,0.9952246482182756,1.2879414534384177,0.9843446140169518,0.9843443453940229,2.178798156512064,0.9842022580653882,0.984202048504117,2.1886774908449262,LGBMRegressor,6091.188552379608,0.03328514099121094,0.9944719076156616,0.9943926334381104,1.412480354309082,0.9838100075721741,0.9838084578514099,2.2157747745513916,0.9833848476409912,0.983384370803833,2.2640626430511475,IterativeImputer,0.0841410101705798,XGBRegressor,10320.682373523712,0.5247735977172852
137,197,reg_full_,MNAR_,0.1_,3/,0.050512284307040176,IterativeImputer,0.9892563223838806,0.9892563223838806,1.9318358898162842,0.9830575585365295,0.9830517768859863,2.2669577598571777,0.9818846583366394,0.9818782806396484,2.3441269397735596,XGBRegressor,3068.6038258075714,0.008821249008178711,0.9900800841174009,0.9900800841174009,1.856296865567523,0.9817803630031003,0.9817743314714018,2.350840246168466,0.9759555483365229,0.975954051205489,2.700239850972,IterativeImputer,0.06046026060705095,HistGradientBoostingRegressor,8739.326339006424,0.7061235904693604
138,197,reg_full_,MNAR_,0.3_,3/,0.06739382752334777,IterativeImputer,0.9634417703557437,0.9633275986765623,3.5691361158915607,0.9796379701575515,0.9793935571630042,2.4996712649553987,0.9720314013673192,0.9718696805576851,2.920577367723532,MLPRegressor,9155.500645399094,0.020926713943481445,0.9746042071547945,0.9746042071547945,2.9701222452867917,0.9761972577269933,0.9760764446933301,2.693358995503491,0.9332940705034595,0.9332374150679236,4.499331117316957,IterativeImputer,0.0662893038205887,LGBMRegressor,9441.847232103348,10.502742290496826
139,197,reg_full_,MNAR_,0.5_,3/,0.07192970145662791,IterativeImputer,0.8958665955023928,0.8958647958239634,6.014398818240473,0.9758909648861599,0.9756164977400823,2.719126583099246,0.8633046921171165,0.863181554572786,6.441006081627721,ExtraTreesRegressor,6998.9491810798645,0.05700397491455078,0.9026655028602308,0.9026655028602308,5.814693552360874,0.9539106748409594,0.9488451383243413,3.9384455061631125,0.8503444741074142,0.8501362338834979,6.741083468330379,SimpleImputer,0.10071943757326161,LGBMRegressor,10799.98387002945,0.021405696868896484
140,197,reg_full_,MCAR_,0.01_,3/,0.03964255592179319,IterativeImputer,0.9962481260299683,0.9962481260299683,1.1416128873825073,0.9826534390449524,0.9826527833938599,2.293485641479492,0.982672929763794,0.9826726317405701,2.292173147201538,XGBRegressor,5109.911887407303,0.011310100555419922,0.995678186416626,0.995678186416626,1.225258231163025,0.9842574596405029,0.9842574596405029,2.184835195541382,0.9841477870941162,0.9841475486755371,2.192448854446411,IterativeImputer,0.05473984515048895,XGBRegressor,4820.337862491608,0.076812744140625
141,197,reg_full_,MCAR_,0.1_,3/,0.05059632507549189,IterativeImputer,0.9908661691231203,0.9908661691231203,1.7812296657642284,0.9836511081015413,0.9836497294865597,2.2266084590836237,0.9815175080756916,0.9815172971428677,2.3673590128397337,LGBMRegressor,828.4935176372528,0.02617621421813965,0.9877533912658691,0.9877533912658691,2.062535047531128,0.9817491769790649,0.981742799282074,2.352871894836426,0.9792826771736145,0.9792826175689697,2.50639271736145,IterativeImputer,0.05920647231061739,XGBRegressor,7335.411780595779,0.6985104084014893
142,197,reg_full_,MCAR_,0.3_,3/,0.06707452860877468,IterativeImputer,0.957655131816864,0.957655131816864,3.8352508544921875,0.9735347628593445,0.9735335111618042,2.83288836479187,0.9451138377189636,0.9451079368591309,4.079774379730225,XGBRegressor,1838.541648387909,0.006682157516479492,0.9852213263511658,0.9852213263511658,2.265744686126709,0.9725856184959412,0.9718750715255737,2.9202988147735596,0.945245087146759,0.9452310800552368,4.075194835662842,SimpleImputer,0.11032678884241406,XGBRegressor,2883.783653974533,0.042144775390625
143,197,reg_full_,MCAR_,0.5_,3/,0.07682475211654657,IterativeImputer,0.8979685146856401,0.8979631158825243,5.953495513443875,0.9751562157041082,0.9747924368506893,2.7646923790097415,0.8098116431449267,0.8097082988568459,7.5961110944407695,ExtraTreesRegressor,10842.54607129097,0.05931830406188965,0.8802629459401263,0.8802585851397529,6.4493452925028985,0.9653997259194885,0.9628743914077387,3.3551981549112173,0.8002044342531364,0.8002009191288532,7.783557292290094,SimpleImputer,0.10226429952369476,RandomForestRegressor,10435.164770841599,0.06039118766784668
