,DatasetID,Exp_Name,Condition,Level,Triplicate,Exp1ImputeRMSEAcc,Exp2ImputeModel,Exp2train_auroc,Exp2train_accuracy,Exp2train_balanced_accuracy,Exp2train_logloss,Exp2train_f1,Exp2ori_auroc,Exp2ori_accuracy,Exp2ori_balanced_accuracy,Exp2ori_logloss,Exp2ori_f1,Exp2impute_auroc,Exp2impute_accuracy,Exp2impute_balanced_accuracy,Exp2impute_logloss,Exp2impute_f1,Exp2ClassifierModel,Exp2duration,Exp3train_auroc,Exp3train_accuracy,Exp3train_balanced_accuracy,Exp3train_logloss,Exp3train_f1,Exp3ori_auroc,Exp3ori_accuracy,Exp3ori_balanced_accuracy,Exp3ori_logloss,Exp3ori_f1,Exp3impute_auroc,Exp3impute_accuracy,Exp3impute_balanced_accuracy,Exp3impute_logloss,Exp3impute_f1,Exp3ImputeModel,Exp3ImputeRMSEAcc,Exp3ClassifierModel,Exp3duration
/6_class_simple_MAR_0.01_1_1/,,,,,,,,,,,,,,,,,,,,,,,,,,,,,,,,,,,,,,,,,,,
/6_class_simple_MAR_0.1_1/,6,class_simple_,MAR_,0.1_,1/,0.09093095500888004,SimpleImputer,1.0,1.0,1.0,4.6502097587769344e-05,1.0,0.99934152292022,0.947,0.9466235348204312,0.17142645839700316,0.9470129016252645,0.9985786285125319,0.9255,0.9251924771371463,0.26167839307520047,0.9254130737456099,HistGradientBoostingClassifier,10431.23888707161,1.0,1.0,1.0,8.21742860280417e-06,1.0,0.9993853516330962,0.948,0.9476119148973036,0.18982843618481218,0.9479052496024883,0.9986729984619338,0.929,0.9285800881929672,0.2860181417736832,0.928877676940532,SimpleImputer,0.0826529178749547,HistGradientBoostingClassifier,8278.285996675491
/6_class_simple_MAR_0.3_1_1/,,,,,,,,,,,,,,,,,,,,,,,,,,,,,,,,,,,,,,,,,,,
/6_class_simple_MAR_0.5_1/,6,class_simple_,MAR_,0.5_,1/,0.09009885995692149,SimpleImputer,1.0,1.0,1.0,4.6987467544488445e-05,1.0,0.9987541680847107,0.937,0.9366400950875987,0.24477207850162835,0.9371125618253796,0.9793082088073367,0.726,0.7264344706524952,1.3207082974244282,0.7246052048442281,HistGradientBoostingClassifier,10106.235768795013,1.0,1.0,1.0,1.1635361101984255e-05,1.0,0.9986422027542734,0.936,0.9356520373030526,0.25849117522253307,0.9362345040074072,0.9775105258487251,0.7215,0.7222459713084537,1.404163708448596,0.7214035025886397,SimpleImputer,0.07995448155962433,HistGradientBoostingClassifier,11153.593878984451
/6_class_simple_MNAR_0.01_1/,6,class_simple_,MNAR_,0.01_,1/,0.08661157313976728,SimpleImputer,1.0,1.0,1.0,2.2204460492503136e-16,1.0,0.9966111978513457,0.956,0.9556955238219871,0.31676136104425334,0.9558611739634463,0.9958153448852527,0.9545,0.9541568008497376,0.3729086506580651,0.9544189014644503,KNeighborsClassifier,11808.75856590271,1.0,1.0,1.0,2.2204460492503136e-16,1.0,0.9966111978513457,0.956,0.9556955238219871,0.31676136104425334,0.9558611739634463,0.9958153448852527,0.9545,0.9541568008497376,0.3729086506580651,0.9544189014644503,SimpleImputer,0.08465991699478155,KNeighborsClassifier,8717.712193012238
/6_class_simple_MNAR_0.1_1/,6,class_simple_,MNAR_,0.1_,1/,0.07995595971893522,SimpleImputer,1.0,1.0,1.0,6.0850968615554994e-05,1.0,0.9993114114643079,0.946,0.9453749212822216,0.18126006229459485,0.9459360953834884,0.9977218722514613,0.9025,0.9020194842415953,0.32553575655441525,0.9026791932464658,HistGradientBoostingClassifier,8992.34904050827,1.0,1.0,1.0,5.093462265100677e-05,1.0,0.9992792535756144,0.9435,0.9429925009091618,0.18820454553329657,0.9435100872521297,0.997510598140697,0.896,0.8955700562753316,0.35903117599428025,0.8960239228118603,SimpleImputer,0.08086963717081566,HistGradientBoostingClassifier,11098.518860816956
/6_class_simple_MNAR_0.3_1/,6,class_simple_,MNAR_,0.3_,1/,0.08055759869717287,SimpleImputer,1.0,1.0,1.0,0.00019380847400822534,1.0,0.9979459481469236,0.9165,0.9160309128022723,0.31263632953489223,0.9168762084192494,0.9876393908215133,0.7755,0.7748720829692393,0.8534131304089972,0.7771092192049686,HistGradientBoostingClassifier,11911.570577144623,1.0,1.0,1.0,1.2301609864703348e-05,1.0,0.9980465569249056,0.9205,0.9199355549047183,0.349556867395562,0.9203745562272988,0.9873195572279394,0.7885,0.7879346724105889,0.9783636989689992,0.7887426080324325,SimpleImputer,0.08539370971023162,HistGradientBoostingClassifier,10135.323605775833
/6_class_simple_MNAR_0.5_1/,6,class_simple_,MNAR_,0.5_,1/,0.10122462496572437,SimpleImputer,0.9999999967385224,0.9999444444444444,0.999944177738082,0.0009871211774262645,0.9999444448937245,0.9948060026693006,0.8795,0.8787629878211006,0.4557365728559837,0.8798092793579606,0.9560854549312447,0.6135,0.6127758161011155,1.6107561851766008,0.615000053008367,HistGradientBoostingClassifier,10701.961883068085,0.9999768918902741,0.9961666666666666,0.9961584527625977,0.1390777858632511,0.9961740905307345,0.9945078999869202,0.859,0.8581436381776124,0.4623914477249193,0.8595574687912569,0.9514129797731946,0.5755,0.5745488252206343,1.4214224163758116,0.5781566196941897,SimpleImputer,0.08479674898330936,LGBMClassifier,9904.439614772797
/6_class_simple_MCAR_0.01_1/,6,class_simple_,MCAR_,0.01_,1/,0.08382241625713298,SimpleImputer,1.0,1.0,1.0,2.2204460492503136e-16,1.0,0.9963554782663991,0.9575,0.9571253970360554,0.3320683501087247,0.9573821665708963,0.9950389689599504,0.9555,0.9550991683480123,0.42626733084863283,0.9553573702933896,KNeighborsClassifier,10088.639270544052,1.0,1.0,1.0,2.2204460492503136e-16,1.0,0.9737429819785363,0.95,0.9494858076564772,1.8021826694558576,0.949850436737681,0.9721929050715554,0.947,0.9465058148342902,1.9103136296232093,0.9468673368824853,SimpleImputer,0.08853892891105357,KNeighborsClassifier,9123.31114935875
/6_class_simple_MCAR_0.1_1/,6,class_simple_,MCAR_,0.1_,1/,0.0802614211385216,SimpleImputer,1.0,1.0,1.0,2.111188984905126e-05,1.0,0.9993252514663937,0.944,0.9435643913140481,0.19827056308834273,0.943983423552375,0.9977954243502232,0.9135,0.912914650781465,0.34930597986318773,0.9138027636312195,HistGradientBoostingClassifier,12760.641453027725,1.0,1.0,1.0,0.03917105863579128,1.0,0.9978902742507176,0.9375,0.937071771172434,0.5647056153045087,0.9378527717292509,0.9953302223051749,0.914,0.9132795357562782,0.7250831941431611,0.9143731457686382,SimpleImputer,0.0823686800511023,BaggingClassifier,9654.160408258438
/6_class_simple_MCAR_0.3_1/,6,class_simple_,MCAR_,0.3_,1/,0.07951366100471627,SimpleImputer,1.0,1.0,1.0,0.0003914513151393318,1.0,0.9981085879492676,0.9115,0.9108755350261089,0.2851522119297862,0.9115685128797562,0.9894522307576055,0.805,0.8042449094791503,0.7028205322474012,0.8053265839855159,HistGradientBoostingClassifier,11014.842761516571,1.0,1.0,1.0,0.00010319167515863631,1.0,0.998432914135856,0.9225,0.9221003725551148,0.29145621132676025,0.9223778777724005,0.9895179622928298,0.801,0.8001584902956542,0.8319707891196356,0.801456509207988,SimpleImputer,0.08337101847292042,HistGradientBoostingClassifier,11427.231105089188
/6_class_simple_MCAR_0.5_1/,6,class_simple_,MCAR_,0.5_,1/,0.1025621844306686,SimpleImputer,0.9999954902131396,0.9991666666666666,0.9991872809650424,0.10482771325509141,0.9991667593755225,0.9957744167968946,0.8685,0.8678900323647838,0.41478189980433694,0.8686425942652617,0.9609225958423788,0.6065,0.6056556607560034,1.2787026055295776,0.6099408488477287,LGBMClassifier,7301.575204849243,0.9999937703158926,0.9990555555555556,0.9990713107059559,0.1113083546567415,0.9990559160354248,0.9955583116964798,0.865,0.8644305080378202,0.42969260929078135,0.86555624828695,0.9607280421320532,0.612,0.6110072477971591,1.2775564046060157,0.6153534070681966,SimpleImputer,0.0836132048879523,LGBMClassifier,9814.778468847275
/6_class_full_MAR_0.01_1/,,,,,,,,,,,,,,,,,,,,,,,,,,,,,,,,,,,,,,,,,,,
/6_class_full_MAR_0.1_1/,,,,,,,,,,,,,,,,,,,,,,,,,,,,,,,,,,,,,,,,,,,
/6_class_full_MAR_0.3_1/,,,,,,,,,,,,,,,,,,,,,,,,,,,,,,,,,,,,,,,,,,,
/6_class_full_MAR_0.5_1/,,,,,,,,,,,,,,,,,,,,,,,,,,,,,,,,,,,,,,,,,,,
/6_class_full_MNAR_0.01_1/,,,,,,,,,,,,,,,,,,,,,,,,,,,,,,,,,,,,,,,,,,,
/6_class_full_MNAR_0.1_1/,,,,,,,,,,,,,,,,,,,,,,,,,,,,,,,,,,,,,,,,,,,
/6_class_full_MNAR_0.3_1/,6,class_full_,MNAR_,0.3_,1/,0.07869802822034198,IterativeImputer,1.0,1.0,1.0,2.4082633651563136e-05,1.0,0.9990029461239675,0.937,0.9364332144195019,0.21790861997044267,0.9367511735245264,0.988535151019061,0.8195,0.818886676097745,0.8711302758238672,0.820786606495824,HistGradientBoostingClassifier,11970.39897942543,0.9998483892459993,0.9731666666666666,0.9731126325615442,0.16212320875155942,0.9732060931857428,0.9985609228777886,0.9235,0.9229731835752387,0.31561662258028844,0.9233931683578456,0.9851301237846412,0.8345,0.8339955934194949,0.6634341575633957,0.83581778622381,IterativeImputer,0.04048067055561066,XGBClassifier,14964.998846054077
/6_class_full_MNAR_0.5_1/,,,,,,,,,,,,,,,,,,,,,,,,,,,,,,,,,,,,,,,,,,,
/6_class_full_MCAR_0.01_1/,,,,,,,,,,,,,,,,,,,,,,,,,,,,,,,,,,,,,,,,,,,
/6_class_full_MCAR_0.1_1/,,,,,,,,,,,,,,,,,,,,,,,,,,,,,,,,,,,,,,,,,,,
/6_class_full_MCAR_0.3_1/,6,class_full_,MCAR_,0.3_,1/,0.0812128616709854,IterativeImputer,0.9930224811333594,0.8469444444444445,0.8466352402711517,0.538181539195871,0.8482642387351722,0.9987447495907312,0.9175,0.9168851411892452,0.28296413572324347,0.917442715158234,0.989086330929468,0.818,0.8177814286827476,0.6487501281663467,0.8196339202892756,MLPClassifier,9138.459599494934,1.0,1.0,1.0,0.06805478140137555,1.0,0.9985566333785127,0.938,0.9374255403806997,0.4434273466466295,0.9376522363269542,0.9860117121177736,0.8385,0.8377706473203376,0.8113070023194839,0.8398772727354112,IterativeImputer,0.04129207475160592,RandomForestClassifier,14932.30962228775
/6_class_full_MCAR_0.5_1/,6,class_full_,MCAR_,0.5_,1/,0.09746969475474673,IterativeImputer,1.0,1.0,1.0,0.0013486240979126282,1.0,0.9969850899176989,0.891,0.8903124778859755,0.34012491070559836,0.8906824188858095,0.9483975154228509,0.6305,0.6296832883416082,1.6777505430612774,0.6331829531318661,HistGradientBoostingClassifier,11964.5621509552,1.0,1.0,1.0,6.375808891690114e-05,1.0,0.9959025367095842,0.8755,0.8748176905708471,0.4647251490594897,0.8750055083208493,0.9596808591773959,0.6175,0.6167063040066274,1.6999394109257062,0.6169388162461905,SimpleImputer,0.08422646008222044,HistGradientBoostingClassifier,14897.759659290314
/6_class_simple_MAR_0.01_2/,6,class_simple_,MAR_,0.01_,2/,0.09022154739009379,SimpleImputer,1.0,1.0,1.0,1.1644864644347872e-08,1.0,0.9964026237300584,0.9545,0.9540437453350596,0.32998878614068783,0.9544138471720022,0.9945679726374053,0.95,0.9495898012618019,0.45793781107582365,0.9499568790596242,KNeighborsClassifier,11366.118575334549,1.0,1.0,1.0,1.1533223373249971e-08,1.0,0.9964039461423903,0.9555,0.9550629963543107,0.32992810590746513,0.9554480047746058,0.9945616027624558,0.95,0.9496226968643178,0.45888628196127607,0.9500022208884207,SimpleImputer,0.09616216678750918,KNeighborsClassifier,9032.466685533524
/6_class_simple_MAR_0.1_2/,6,class_simple_,MAR_,0.1_,2/,0.08652467054206531,SimpleImputer,1.0,1.0,1.0,0.0327345238873874,1.0,0.9994631425144065,0.96,0.9596843075980822,0.33558906814755707,0.960019581470822,0.9985008444976037,0.9335,0.9332726477839194,0.4654190451243065,0.9338217642971697,ExtraTreesClassifier,9961.364040136337,1.0,1.0,1.0,9.033983163831197e-05,1.0,0.9993830567392519,0.954,0.9536525410189932,0.16209264861251896,0.9539037306766619,0.9982314736658361,0.919,0.9186254344882181,0.29400031617302824,0.9188728150723376,SimpleImputer,0.07376458817308112,HistGradientBoostingClassifier,12674.752627849579
/6_class_simple_MAR_0.3_1_2/,,,,,,,,,,,,,,,,,,,,,,,,,,,,,,,,,,,,,,,,,,,
/6_class_simple_MAR_0.5_2/,6,class_simple_,MAR_,0.5_,2/,0.09696580345171472,SimpleImputer,1.0,1.0,1.0,6.889043182731455e-05,1.0,0.9986301239610722,0.923,0.9223991155262692,0.25479742741977085,0.9231410420046907,0.9745931026158655,0.7055,0.7053774884686045,1.3667280704666274,0.704514941367827,HistGradientBoostingClassifier,13144.868532419205,1.0,1.0,1.0,7.866546459077428e-05,1.0,0.9988675707504535,0.9265,0.9259774611913711,0.24520452003976892,0.9264249537852282,0.9776584162862171,0.709,0.7087102349530746,1.4413705465984872,0.7089257057785195,SimpleImputer,0.0800968936656395,HistGradientBoostingClassifier,10847.937870979309
/6_class_simple_MNAR_0.01_2/,6,class_simple_,MNAR_,0.01_,2/,0.08461350195548724,SimpleImputer,1.0,1.0,1.0,2.2204460492503136e-16,1.0,0.9963104924422448,0.954,0.9536586857662557,0.35806225380973533,0.9540128194997625,0.9962663852444383,0.95,0.9495927331135161,0.3663490319116529,0.9499599558369458,KNeighborsClassifier,9613.766674041748,1.0,1.0,1.0,2.804975622084398e-05,1.0,0.9995501607280046,0.961,0.9605977042735236,0.14184941109350563,0.9608807605921335,0.9993447504232935,0.9545,0.9540000238787478,0.17609674697056996,0.9543920304994021,SimpleImputer,0.08711058806321674,HistGradientBoostingClassifier,8690.130937337875
/6_class_simple_MNAR_0.1_2/,6,class_simple_,MNAR_,0.1_,2/,0.07873229150495009,SimpleImputer,1.0,1.0,1.0,1.224643423449372e-05,1.0,0.9993701778266165,0.953,0.9525440892122562,0.17046786982282666,0.9529753523526378,0.9980550673312367,0.9085,0.9080392005316278,0.3392892483900506,0.9086669156470988,HistGradientBoostingClassifier,10405.621872663498,1.0,1.0,1.0,0.01240962100618003,1.0,0.998093321339022,0.945,0.9446368959950824,0.5247216939823489,0.9451064287303025,0.9960221081080604,0.9065,0.9061109421507807,0.6903007991137772,0.9069585020861491,SimpleImputer,0.0861211534088372,BaggingClassifier,9235.357588529587
/6_class_simple_MNAR_0.3_2/,6,class_simple_,MNAR_,0.3_,2/,0.07923014434850298,SimpleImputer,1.0,1.0,1.0,6.662564959617678e-05,1.0,0.9982974435911062,0.927,0.9267310248450968,0.2811904063244242,0.9271428760445325,0.9865573739173986,0.778,0.7771110217127817,0.925349525506659,0.7794806297980174,HistGradientBoostingClassifier,11859.620342731476,1.0,1.0,1.0,0.01149089530382167,1.0,0.9946754328778064,0.899,0.8984143941971328,0.7760734126951304,0.8991683236023041,0.9734883193315155,0.7695,0.7687770389287808,1.3207756710477299,0.7704418854182713,SimpleImputer,0.08397815851073642,BaggingClassifier,9152.580999612808
/6_class_simple_MNAR_0.5_2/,6,class_simple_,MNAR_,0.5_,2/,0.10162784100108387,SimpleImputer,1.0,1.0,1.0,9.326781180284555e-05,1.0,0.9964269083087497,0.8855,0.8850642487262631,0.43647766963073414,0.8851016103611944,0.9578276819379015,0.6045,0.6043387650796977,1.7774898595529554,0.6048998588697821,HistGradientBoostingClassifier,12633.080651760101,1.0,1.0,1.0,6.754706913484385e-05,1.0,0.995939311550567,0.8805,0.8798756577908556,0.45923559135359854,0.8797674337936031,0.9565251673781929,0.6205,0.6200468136362896,1.83571108325286,0.6214446121174164,SimpleImputer,0.08444047667033473,HistGradientBoostingClassifier,11284.34630036354
/6_class_simple_MCAR_0.01_2/,6,class_simple_,MCAR_,0.01_,2/,0.0830597209941047,SimpleImputer,1.0,1.0,1.0,2.2204460492503136e-16,1.0,0.9968173934814076,0.9565,0.9560368481250769,0.3242126920166129,0.9563739607752373,0.9964964732376568,0.9535,0.952956688794062,0.3490576685065391,0.9534360463249434,KNeighborsClassifier,11340.906476259232,1.0,1.0,1.0,2.2204460492503136e-16,1.0,0.9943241335858877,0.95,0.9494978663126284,0.4602031241115087,0.949803228636174,0.9930057783638795,0.9485,0.9479705906289457,0.5512783134935874,0.9484256915205701,SimpleImputer,0.08428567847567202,KNeighborsClassifier,8995.887543916702
/6_class_simple_MCAR_0.1_2/,6,class_simple_,MCAR_,0.1_,2/,0.08137349380855351,SimpleImputer,1.0,1.0,1.0,1.1020917604518957e-05,1.0,0.9990642087295315,0.9425,0.9420999756114224,0.20370603173011861,0.9424438731231157,0.9977418043400026,0.906,0.9054086243277877,0.36895025592623626,0.9061518553422236,HistGradientBoostingClassifier,12719.071966171265,1.0,1.0,1.0,1.1981540418231808e-05,1.0,0.9990189032957721,0.9435,0.9430562993217056,0.22096113403422107,0.9434038164683982,0.9977946423653521,0.904,0.9033424500842765,0.3882408902196273,0.9042376300365894,SimpleImputer,0.08327259528592454,HistGradientBoostingClassifier,11106.317168712616
/6_class_simple_MCAR_0.3_2/,6,class_simple_,MCAR_,0.3_,2/,0.07987598039544527,SimpleImputer,1.0,1.0,1.0,4.547560072981571e-05,1.0,0.9983457489440698,0.919,0.9186267651617979,0.30421466179916,0.9190887093704485,0.9880876259932739,0.7965,0.7958099895831369,0.9224148965314178,0.7979653454478464,HistGradientBoostingClassifier,11952.265279531479,1.0,1.0,1.0,4.067977034707722e-05,1.0,0.9984516220486177,0.924,0.9235189746479008,0.3132568635063293,0.9244309393384506,0.9869857005254082,0.7915,0.7909844163936787,0.9993296365129849,0.7924168797721045,SimpleImputer,0.08346365291643494,HistGradientBoostingClassifier,12847.178257226944
/6_class_simple_MCAR_0.5_2/,6,class_simple_,MCAR_,0.5_,2/,0.10280828949344263,SimpleImputer,1.0,1.0,1.0,5.253237733561807e-05,1.0,0.9955072461343906,0.875,0.8744327144644716,0.5202615692858041,0.8752112558629329,0.95821607209369,0.6225,0.621986379793129,1.8289216060889038,0.623616697684149,HistGradientBoostingClassifier,11421.213515758514,1.0,1.0,1.0,9.255488615409393e-05,1.0,0.9955307872631581,0.878,0.8775724500940394,0.47926031057178187,0.8780266918299899,0.9590936589670069,0.619,0.6184640995054644,1.7079237279304624,0.6204570828262185,SimpleImputer,0.08375601067809295,HistGradientBoostingClassifier,12365.897700309753
/6_class_full_MAR_0.01_2/,,,,,,,,,,,,,,,,,,,,,,,,,,,,,,,,,,,,,,,,,,,
/6_class_full_MAR_0.1_2/,,,,,,,,,,,,,,,,,,,,,,,,,,,,,,,,,,,,,,,,,,,
/6_class_full_MAR_0.3_2/,,,,,,,,,,,,,,,,,,,,,,,,,,,,,,,,,,,,,,,,,,,
/6_class_full_MAR_0.5_2/,,,,,,,,,,,,,,,,,,,,,,,,,,,,,,,,,,,,,,,,,,,
/6_class_full_MNAR_0.01_2/,,,,,,,,,,,,,,,,,,,,,,,,,,,,,,,,,,,,,,,,,,,
/6_class_full_MNAR_0.1_2/,6,class_full_,MNAR_,0.1_,2/,0.0521831468587439,IterativeImputer,1.0,1.0,1.0,0.06278811770136661,1.0,0.9993254592095427,0.959,0.9586262856066228,0.33910367380507833,0.9590561986814534,0.9985187666526609,0.932,0.9314848103569766,0.39936784664197555,0.9322116950774063,ExtraTreesClassifier,8253.69998717308,1.0,1.0,1.0,2.2204460492503136e-16,1.0,0.9940405945281628,0.9525,0.9521777756728871,0.4981502894293975,0.952484749346076,0.9898129612929314,0.938,0.9375592304881633,0.7936515554122273,0.9379437956795444,KNNImputer,0.02510331717863541,KNeighborsClassifier,13529.56473493576
/6_class_full_MNAR_0.3_2/,6,class_full_,MNAR_,0.3_,2/,0.07735918278064323,IterativeImputer,1.0,1.0,1.0,2.018521014269594e-05,1.0,0.9987014901312281,0.9295,0.929041823929142,0.2552780519957787,0.9296117971025031,0.9887557981162521,0.8225,0.8218021950216282,0.8523170002762477,0.8237271324969432,HistGradientBoostingClassifier,12847.841906785965,1.0,1.0,1.0,0.0003305538015611735,1.0,0.9986524028225111,0.925,0.9242967183154408,0.25140292476169285,0.924667385607559,0.9910974125357174,0.8105,0.8098155965392683,0.6979204384626516,0.8114281938593624,KNNImputer,0.04848878680430314,HistGradientBoostingClassifier,15158.176972389221
/6_class_full_MNAR_0.5_2/,,,,,,,,,,,,,,,,,,,,,,,,,,,,,,,,,,,,,,,,,,,
/6_class_full_MCAR_0.01_2/,,,,,,,,,,,,,,,,,,,,,,,,,,,,,,,,,,,,,,,,,,,
/6_class_full_MCAR_0.1_2/,6,class_full_,MCAR_,0.1_,2/,0.04829019535134921,IterativeImputer,1.0,1.0,1.0,2.2204460492503136e-16,1.0,0.9959707791114618,0.954,0.9536010319280289,0.38600368818089015,0.9540208011077123,0.9929520393904175,0.9395,0.9391627433332166,0.6067532348816227,0.9396951288848044,KNeighborsClassifier,9384.085968017578,1.0,1.0,1.0,2.2204460492503136e-16,1.0,0.9965029331505029,0.9525,0.952150023404247,0.34850060122970933,0.9525602116290048,0.9938780469485233,0.942,0.9414845776848877,0.5325205044248671,0.942023629200734,KNNImputer,0.025818821644904632,KNeighborsClassifier,12450.52395105362
/6_class_full_MCAR_0.3_2/,6,class_full_,MCAR_,0.3_,2/,0.07979163025576332,SimpleImputer,1.0,1.0,1.0,4.3204687844801274e-05,1.0,0.9983832801104854,0.931,0.9307003147381199,0.30161278813307385,0.930980032449793,0.9883288878529601,0.799,0.7988046106966659,0.876167109639985,0.7990170968423239,HistGradientBoostingClassifier,12411.791531324387,1.0,1.0,1.0,5.650318076818217e-05,1.0,0.9987040126361586,0.9335,0.9327655135257736,0.24370124205937777,0.9333552325533615,0.9908986075492241,0.8205,0.8200430781873791,0.7559308793253369,0.8208626231852045,KNNImputer,0.04845063445013358,HistGradientBoostingClassifier,15043.312310218811
/6_class_full_MCAR_0.5_2/,6,class_full_,MCAR_,0.5_,2/,0.09810654706207192,IterativeImputer,1.0,1.0,1.0,0.00023892932832125585,1.0,0.997164536802691,0.898,0.8972501298638096,0.36871993157194166,0.8975501713080632,0.9458176198502896,0.6225,0.6219570200235043,1.9281424352409713,0.6259943034554146,HistGradientBoostingClassifier,11485.919695138931,1.0,1.0,1.0,7.921888879016415e-05,1.0,0.995638277366194,0.8845,0.8836438202749121,0.4480711192047717,0.8840420480793671,0.9598170622364287,0.6365,0.6359706462281961,1.599793547895591,0.6383756773456488,SimpleImputer,0.08361354518427856,HistGradientBoostingClassifier,14420.103106737137
/6_class_simple_MAR_0.01_1_3/,,,,,,,,,,,,,,,,,,,,,,,,,,,,,,,,,,,,,,,,,,,
/6_class_simple_MAR_0.1_3/,6,class_simple_,MAR_,0.1_,3/,0.08153168573046189,SimpleImputer,1.0,1.0,1.0,3.8624143280588174e-05,1.0,0.9993483677619065,0.953,0.9525778672676573,0.17631338679012673,0.9529130931773129,0.9979925162255243,0.9095,0.9090080003075555,0.3623617072690061,0.9091351531496061,HistGradientBoostingClassifier,8873.41698050499,1.0,1.0,1.0,2.2204460492503136e-16,1.0,0.9972488275288784,0.9495,0.9491140426085989,0.30753119775420235,0.9495184555103017,0.9947712090147689,0.932,0.9316726431565839,0.5004113674130056,0.9320498216930789,SimpleImputer,0.0817043302647388,KNeighborsClassifier,9026.496202468872
/6_class_simple_MAR_0.3_1_3/,,,,,,,,,,,,,,,,,,,,,,,,,,,,,,,,,,,,,,,,,,,
/6_class_simple_MAR_0.5_3/,6,class_simple_,MAR_,0.5_,3/,0.08445159071402623,SimpleImputer,1.0,1.0,1.0,1.618797981449944e-05,1.0,0.9983711549118036,0.9195,0.9188608006058201,0.29175925005964404,0.919697093269634,0.9606212201249361,0.6335,0.6336911049031416,1.7766640011692247,0.6287202713382471,HistGradientBoostingClassifier,10260.392025470734,1.0,1.0,1.0,0.00012082353206498721,1.0,0.9984324284596957,0.918,0.9173877047285713,0.28803783297047614,0.9179159632371539,0.9660283172447206,0.6325,0.6329381068030907,1.809254031143033,0.6285502469267656,SimpleImputer,0.08195769544467618,HistGradientBoostingClassifier,10440.90010523796
/6_class_simple_MNAR_0.01_3/,6,class_simple_,MNAR_,0.01_,3/,0.08449069866437597,SimpleImputer,1.0,1.0,1.0,2.2204460492503136e-16,1.0,0.9970757300044245,0.955,0.9546314655152622,0.3047223926586756,0.9549013989922348,0.9962823245672096,0.9515,0.9511462587389161,0.36177640244226,0.9514100737693841,KNeighborsClassifier,8319.070147752762,1.0,1.0,1.0,2.2204460492503136e-16,1.0,0.9970713250269474,0.9545,0.9541517304681612,0.3049535155943254,0.9544491849030206,0.996524514601965,0.9525,0.9521536785123033,0.3444055877644406,0.9524402902937001,SimpleImputer,0.08575508812960063,KNeighborsClassifier,10653.533331394196
/6_class_simple_MNAR_0.1_3/,6,class_simple_,MNAR_,0.1_,3/,0.07977823374985497,SimpleImputer,1.0,1.0,1.0,1.9306675265065087e-05,1.0,0.999494204403897,0.9535,0.9531266395937604,0.15497200877550746,0.953388944106221,0.9979606370401808,0.919,0.9185337005532443,0.31752418462849863,0.9190122389723872,HistGradientBoostingClassifier,13419.6489341259,1.0,1.0,1.0,5.589747237497331e-05,1.0,0.9994412050698428,0.9515,0.9511697377028566,0.15993441761790408,0.9514534458722196,0.9979771523117132,0.9235,0.9231086009321778,0.30222913684645597,0.9235052380239546,SimpleImputer,0.0841124869828835,HistGradientBoostingClassifier,10390.137340784073
/6_class_simple_MNAR_0.3_3/,6,class_simple_,MNAR_,0.3_,3/,0.0800335730388074,SimpleImputer,1.0,1.0,1.0,2.3771553372645876e-05,1.0,0.9984274252801999,0.9205,0.9198153292234237,0.29043949852740897,0.920865316425847,0.9862431796594762,0.7935,0.7931273231941921,0.9319950000531992,0.7941554927112441,HistGradientBoostingClassifier,11149.746815681458,1.0,1.0,1.0,2.672416166170835e-05,1.0,0.9984996657514275,0.922,0.921619820546106,0.27762795765613646,0.9222774853889475,0.9861779370356868,0.79,0.789649987826337,0.9012572275812482,0.7908619776780909,SimpleImputer,0.08378484680765216,HistGradientBoostingClassifier,11633.890590429306
/6_class_simple_MNAR_0.5_3/,6,class_simple_,MNAR_,0.5_,3/,0.10079646389239798,SimpleImputer,1.0,1.0,1.0,0.0005321458976119606,1.0,0.9957102682322793,0.8675,0.8667882246802444,0.470794846920604,0.8680837618976411,0.9558698233942791,0.6085,0.607358002595469,1.7371945956638772,0.6113051636120631,HistGradientBoostingClassifier,12613.063859939575,1.0,1.0,1.0,8.581021167141083e-05,1.0,0.9957201334707718,0.867,0.8665231980127239,0.49194248196663115,0.8671937220604786,0.9540869833640419,0.618,0.6170290326277489,1.8767918806687893,0.6196372476124177,SimpleImputer,0.08260578210852945,HistGradientBoostingClassifier,12003.450388669968
/6_class_simple_MCAR_0.01_3/,6,class_simple_,MCAR_,0.01_,3/,0.08445304392461106,SimpleImputer,1.0,1.0,1.0,2.2204460492503136e-16,1.0,0.9973253798705847,0.954,0.953635856485458,0.29116879613636604,0.9539694760756835,0.9959904203609109,0.9495,0.94915576855587,0.38581451194690897,0.9495307214947633,KNeighborsClassifier,11566.182584047318,1.0,1.0,1.0,0.08458956698328575,1.0,0.9995252783818397,0.9615,0.9611626865962195,0.3269254893936773,0.9615463155746252,0.9993655897545749,0.954,0.9537088323129914,0.35576709654030764,0.9540016139058242,SimpleImputer,0.08285745690429897,ExtraTreesClassifier,10319.977775096893
/6_class_simple_MCAR_0.1_3/,6,class_simple_,MCAR_,0.1_,3/,0.0809996132381419,SimpleImputer,1.0,1.0,1.0,2.2204460492503136e-16,1.0,0.9990775486261707,0.95,0.9494850412581647,0.44559460508603516,0.9499542589179568,0.9965981353016561,0.9035,0.9032927737319559,0.653218332902228,0.9040246635022771,ExtraTreesClassifier,10523.17916727066,1.0,1.0,1.0,2.7760641253228396e-05,1.0,0.9993753343667311,0.949,0.9486176062899657,0.18696240675096903,0.9490860107481751,0.9977351240695305,0.908,0.9077364678925958,0.37691174057119975,0.908174946174401,SimpleImputer,0.08334471106726578,HistGradientBoostingClassifier,11708.45089507103
/6_class_simple_MCAR_0.3_3/,6,class_simple_,MCAR_,0.3_,3/,0.08035784837181727,SimpleImputer,1.0,1.0,1.0,0.00018627019653860117,1.0,0.9983857185096892,0.921,0.9205053542012227,0.289994008802627,0.9210365266187908,0.9888624952390619,0.7965,0.7961120099532344,0.8562802470376455,0.7970662744437503,HistGradientBoostingClassifier,12787.350274085999,1.0,1.0,1.0,0.15799434940492119,1.0,0.9952104650737097,0.9035,0.9030005540260697,0.7295745231323066,0.9036045546152395,0.9793028065268844,0.7805,0.7799785466445781,1.2129186278889577,0.781266824469767,SimpleImputer,0.08273884110027276,BaggingClassifier,9376.123927116394
/6_class_simple_MCAR_0.5_3/,6,class_simple_,MCAR_,0.5_,3/,0.10216796713210838,SimpleImputer,1.0,1.0,1.0,0.00013513185043160345,1.0,0.9956177040095121,0.8825,0.8816635930161296,0.474755904109151,0.8820375338358288,0.9618650742659179,0.623,0.6222004255504024,1.6355546328788706,0.6240073460856964,HistGradientBoostingClassifier,10778.190896987915,1.0,1.0,1.0,0.0001921756815823165,1.0,0.9963453205543137,0.884,0.8832699148590145,0.45980307913376395,0.8836203488709446,0.9624662426733169,0.6265,0.6258424596702704,1.6946696086741817,0.626878531797841,SimpleImputer,0.0844015995732316,HistGradientBoostingClassifier,12766.261738538742
/6_class_full_MAR_0.01_3/,,,,,,,,,,,,,,,,,,,,,,,,,,,,,,,,,,,,,,,,,,,
/6_class_full_MAR_0.1_3/,,,,,,,,,,,,,,,,,,,,,,,,,,,,,,,,,,,,,,,,,,,
/6_class_full_MAR_0.3_3/,,,,,,,,,,,,,,,,,,,,,,,,,,,,,,,,,,,,,,,,,,,
/6_class_full_MAR_0.5_3/,,,,,,,,,,,,,,,,,,,,,,,,,,,,,,,,,,,,,,,,,,,
/6_class_full_MNAR_0.01_3/,,,,,,,,,,,,,,,,,,,,,,,,,,,,,,,,,,,,,,,,,,,
/6_class_full_MNAR_0.1_3/,,,,,,,,,,,,,,,,,,,,,,,,,,,,,,,,,,,,,,,,,,,
/6_class_full_MNAR_0.3_3/,,,,,,,,,,,,,,,,,,,,,,,,,,,,,,,,,,,,,,,,,,,
/6_class_full_MNAR_0.5_3/,,,,,,,,,,,,,,,,,,,,,,,,,,,,,,,,,,,,,,,,,,,
/6_class_full_MCAR_0.01_3/,,,,,,,,,,,,,,,,,,,,,,,,,,,,,,,,,,,,,,,,,,,
/6_class_full_MCAR_0.1_3/,,,,,,,,,,,,,,,,,,,,,,,,,,,,,,,,,,,,,,,,,,,
/6_class_full_MCAR_0.3_3/,,,,,,,,,,,,,,,,,,,,,,,,,,,,,,,,,,,,,,,,,,,
/6_class_full_MCAR_0.5_3/,,,,,,,,,,,,,,,,,,,,,,,,,,,,,,,,,,,,,,,,,,,
/6_class_simple_MAR_0.01_1/,6,class_simple_,MAR_,0.01_,1/,0.09424039737062251,SimpleImputer,1.0,1.0,1.0,0.08436139237397568,1.0,0.9994205127672912,0.959,0.9585755052127526,0.39422442672809566,0.9589824008389294,0.9992432519838341,0.9575,0.957076329283197,0.409070716569095,0.9575154991633119,ExtraTreesClassifier,11513.380141735077,1.0,1.0,1.0,2.2204460492503136e-16,1.0,0.9963397922926067,0.957,0.9566752235196355,0.3442002132945752,0.9569629566409701,0.9963158080069641,0.9545,0.9541755278395601,0.34787303596239244,0.9544969142384577,SimpleImputer,0.08478802429460036,KNeighborsClassifier,8037.031115531921
/6_class_simple_MAR_0.01_3/,6,class_simple_,MAR_,0.01_,3/,0.09703913073704463,SimpleImputer,1.0,1.0,1.0,2.2204460492503136e-16,1.0,0.9966253355664031,0.9575,0.9571787838468555,0.31416767610969926,0.9574607968829326,0.9958738209070218,0.9545,0.9541660777907559,0.3699584310957532,0.9544865405598464,KNeighborsClassifier,8958.154836177826,1.0,1.0,1.0,1.1957501430225286e-08,1.0,0.9966481486098893,0.9575,0.9571175196180014,0.3116668323380708,0.957440644675791,0.9956113846026908,0.9545,0.95410584774557,0.3868587400023357,0.9544747723405965,SimpleImputer,0.09840915147422959,KNeighborsClassifier,8965.836294412613
/6_class_simple_MAR_0.3_1/,6,class_simple_,MAR_,0.3_,1/,0.08739685732294858,SimpleImputer,1.0,1.0,1.0,6.180568447705253e-05,1.0,0.9990820262717679,0.939,0.9384872779813159,0.2056660334172188,0.9389098532784685,0.996477864617828,0.8775,0.8772141024722975,0.45592143530795876,0.8772627285873676,HistGradientBoostingClassifier,9676.772826910019,0.9999999934408906,1.0,1.0,0.2652173635602892,1.0,0.9981212271191897,0.9315,0.9307798289267407,0.6118629900638014,0.9316212766796409,0.9946086932164101,0.8755,0.8749261563705708,0.872430837021322,0.8758062882606419,SimpleImputer,0.08688027119266668,ExtraTreesClassifier,10137.733827590942
/6_class_simple_MAR_0.3_2/,6,class_simple_,MAR_,0.3_,2/,0.08227577217467932,SimpleImputer,1.0,1.0,1.0,6.600343100222112e-05,1.0,0.9993121519672256,0.948,0.9476707984618365,0.18854112304930565,0.948097443862804,0.993903346420078,0.8395,0.8394553234075695,0.7681247651105401,0.8378390826589397,HistGradientBoostingClassifier,11580.463021993637,1.0,1.0,1.0,1.2487426985615425e-05,1.0,0.9992795507531776,0.951,0.9506246777011409,0.19057332709323302,0.951138069338763,0.9940582321404199,0.838,0.8377065987096177,0.7440347993683291,0.8361888519459314,SimpleImputer,0.08288606265261311,HistGradientBoostingClassifier,10461.66182756424
/6_class_simple_MAR_0.3_3/,6,class_simple_,MAR_,0.3_,3/,0.07989582339811924,SimpleImputer,1.0,1.0,1.0,0.04147363431055564,1.0,0.9985928622005821,0.95,0.9498968503993593,0.43325290089438817,0.9500235938303296,0.9853039242682614,0.7515,0.7517377993065258,1.0650355561864389,0.7526304442649894,ExtraTreesClassifier,11943.693167924881,1.0,1.0,1.0,1.2803543133786479e-05,1.0,0.9993838934808495,0.949,0.9485709710764217,0.18391750459846606,0.9492016695985729,0.9846371718790373,0.7695,0.7692074505447858,1.2046445760534243,0.7697406941086485,SimpleImputer,0.08226485488760445,HistGradientBoostingClassifier,10764.01137638092
